,day,true,predict,time_1,time_2,time_3,mse,mad
0,2021-09-01,366.75,116.8162680651792,1,0,0,62466.870358866865,249.9337319348208
1,2021-09-01,1222.09,823.4945185847041,0,1,0,158878.35780469142,398.5954814152958
2,2021-09-01,545.25,389.60978803483795,0,0,1,24223.875580560572,155.64021196516205
3,2021-09-02,352.0,115.08517438725167,1,0,0,56128.63459511895,236.91482561274833
4,2021-09-02,1148.37,835.0574819309962,0,1,0,98164.73397873975,313.31251806900366
5,2021-09-02,500.0,446.77742625033085,0,0,1,2832.642356538972,53.22257374966915
6,2021-09-03,346.44,168.03392964200182,1,0,0,31828.725940582994,178.40607035799817
7,2021-09-03,1094.6,830.9716732375167,0,1,0,69499.89467158662,263.6283267624832
8,2021-09-03,484.21000000000004,441.0533978503095,0,0,1,1862.4923091066719,43.156602149690514
9,2021-09-04,325.97,163.71106839927307,1,0,0,26327.960884209388,162.25893160072695
10,2021-09-04,478.85,841.7143881440575,0,1,0,131670.5641831612,362.86438814405744
11,2021-09-04,364.97,518.653322894703,0,0,1,23618.56373595754,153.683322894703
12,2021-09-05,328.06,196.23782860059666,1,0,0,17377.084872453674,131.82217139940335
13,2021-09-05,479.31,827.7931189519304,0,1,0,121440.48419446527,348.4831189519304
14,2021-09-05,363.38,400.8174924827512,0,0,1,1401.5658433960543,37.437492482751225
15,2021-09-06,356.21,115.45676525135221,1,0,0,57962.1200419375,240.75323474864777
16,2021-09-06,1158.16,829.435708709894,0,1,0,108059.65968418251,328.72429129010607
17,2021-09-06,516.19,479.4317159718882,0,0,1,1351.1714446913434,36.75828402811186
18,2021-09-07,349.25,178.13051957859702,1,0,0,29281.876579690917,171.11948042140298
19,2021-09-07,1159.28,825.4269421362741,0,1,0,111457.8642449603,333.8530578637259
20,2021-09-07,487.25,393.75983520311587,0,0,1,8740.410913748552,93.49016479688413
21,2021-09-08,328.87,125.91276252978793,1,0,0,41191.64024154006,202.95723747021208
22,2021-09-08,1294.16,823.6818964996265,0,1,0,221349.6458733082,470.47810350037355
23,2021-09-08,558.0,389.8927390165469,0,0,1,28260.051195358814,168.1072609834531
24,2021-09-09,359.5,83.78903252995902,1,0,0,76016.537583266,275.710967470041
25,2021-09-09,1180.25,825.6021047016208,0,1,0,125775.12963957016,354.64789529837924
26,2021-09-09,525.31,385.2166035684061,0,0,1,19626.159723739718,140.09339643159387
27,2021-09-10,341.82,72.6731186633979,1,0,0,72440.04373321895,269.14688133660206
28,2021-09-10,1152.06,823.8621451789467,0,1,0,107713.83190914117,328.1978548210533
29,2021-09-10,538.72,378.5326266176033,0,0,1,25659.99459115139,160.18737338239674
30,2021-09-11,331.25,93.22539469095679,1,0,0,56655.712732525804,238.0246053090432
31,2021-09-11,913.84,835.2922859095067,0,1,0,6169.743388841877,78.54771409049329
32,2021-09-13,1122.97,826.0627594826598,0,1,0,88153.90947162174,296.90724051734026
33,2021-09-13,898.03,385.8709580410027,0,0,1,262306.8842603579,512.1590419589972
34,2021-09-14,347.0,155.5442457883861,1,0,0,36655.305820737914,191.4557542116139
35,2021-09-14,1037.32,827.7525750595504,0,1,0,43918.50559617095,209.56742494044954
36,2021-09-14,486.78,400.26136739763734,0,0,1,7485.473787382605,86.51863260236263
37,2021-09-15,324.84000000000003,186.92883279204665,1,0,0,19019.490040660075,137.91116720795338
38,2021-09-15,1279.41,831.8745203111754,0,1,0,200288.00558030643,447.5354796888247
39,2021-09-15,494.44,456.89821821106557,0,0,1,1409.3853798879688,37.54178178893443
40,2021-09-16,361.43,193.85374148414886,1,0,0,28081.802418171377,167.57625851585115
41,2021-09-16,1077.91,838.4020307143885,0,1,0,57364.06735131746,239.50796928561158
42,2021-09-16,498.5,456.48818166855085,0,0,1,1764.9928795146868,42.01181833144915
43,2021-09-17,309.97,172.91035416400072,1,0,0,18785.346516689562,137.0596458359993
44,2021-09-17,1095.15,838.5973458964888,0,1,0,65819.2643275559,256.55265410351126
45,2021-09-17,551.97,458.4471306481815,0,0,1,8746.52709179732,93.52286935181854
46,2021-09-18,294.35,163.09655611349004,1,0,0,17227.466532069226,131.25344388650998
47,2021-09-18,429.5,831.9331108794594,0,1,0,161952.40873211925,402.4331108794594
48,2021-09-18,342.87,428.51322981097894,0,0,1,7334.762812456152,85.64322981097894
49,2021-09-19,310.94,130.08943989430364,1,0,0,32706.925090544093,180.85056010569636
50,2021-09-19,312.13,424.0057140139532,0,0,1,12516.175386131845,111.8757140139532
51,2021-09-20,310.81,165.21426337763538,1,0,0,21198.11852260897,145.59573662236463
52,2021-09-20,337.57,390.48427949880784,0,0,1,2799.9209748779563,52.91427949880784
53,2021-09-21,303.59000000000003,135.9165086842862,1,0,0,28114.39969000076,167.67349131571382
54,2021-09-21,322.68,462.5595675956579,0,0,1,19566.29343074822,139.87956759565787
55,2021-09-22,317.46999999999997,191.59946603189795,1,0,0,15843.391321415125,125.87053396810202
56,2021-09-22,1262.38,827.799426146755,0,1,0,188860.27517061585,434.58057385324514
57,2021-09-22,694.43,429.3708136951218,0,0,1,70256.3722446041,265.05918630487815
58,2021-09-23,326.65999999999997,354.26223596400183,1,0,0,761.8834302124379,27.602235964001864
59,2021-09-23,1697.97,1047.1534043344113,0,1,0,423562.24119374633,650.8165956655887
60,2021-09-23,710.94,607.6067455400499,0,0,1,10677.761477284803,103.33325445995013
61,2021-09-24,1678.93,1048.0577672402885,0,1,0,397999.77406722365,630.8722327597116
62,2021-09-24,684.19,647.9298418666282,0,0,1,1314.7990678571346,36.260158133371874
63,2021-09-25,342.44,132.1999412909473,1,0,0,44200.88228598593,210.2400587090527
64,2021-09-25,1152.69,838.717817766091,0,1,0,98578.531216723,313.97218223390905
65,2021-09-25,620.37,467.86647150013056,0,0,1,23257.326204910492,152.50352849986945
66,2021-09-26,337.31,173.60635489356596,1,0,0,26798.883421133305,163.70364510643404
67,2021-09-26,410.6,838.6474877167276,0,1,0,183224.65174060204,428.0474877167276
68,2021-09-26,338.25,462.35289510003054,0,0,1,15401.528572209183,124.10289510003054
69,2021-09-27,341.75,336.64460252155953,1,0,0,26.06508341286627,5.105397478440466
70,2021-09-27,1235.06,1048.5487968859686,0,1,0,34786.428887043454,186.51120311403133
71,2021-09-27,574.5600000000001,661.9578745434134,0,0,1,7638.388474706212,87.39787454341331
72,2021-09-28,347.94,390.62483858266546,1,0,0,1821.9954448282062,42.68483858266546
73,2021-09-28,1041.19,1048.7027122097022,0,1,0,56.44084474580789,7.512712209702158
74,2021-09-28,598.87,684.4056928800038,0,0,1,7316.354756462334,85.53569288000381
75,2021-09-29,348.22,460.5920873925966,1,0,0,12627.486024969367,112.3720873925966
76,2021-09-29,1387.53,1048.0425691724406,0,1,0,115251.71568989691,339.48743082755936
77,2021-09-29,796.06,666.981067651982,0,0,1,16661.370776104188,129.07893234801793
78,2021-09-30,336.44,437.8305995020288,1,0,0,10280.053667380804,101.3905995020288
79,2021-09-30,1130.91,1048.0844296728164,0,1,0,6860.075100023243,82.82557032718364
80,2021-09-30,700.44,644.0702134610481,0,0,1,3177.552834447012,56.369786538951985
81,2021-10-01,332.59,359.35128739731937,1,0,0,716.1665031619258,26.761287397319393
82,2021-10-01,941.19,1049.5435843816713,0,1,0,11740.499248355947,108.35358438167123
83,2021-10-01,516.72,662.4334232229613,0,0,1,21232.401707353838,145.7134232229613
84,2021-10-02,321.0,180.61309107598822,1,0,0,19708.484197238777,140.38690892401178
85,2021-10-02,758.71,836.3187649813742,0,1,0,6023.120401934171,77.60876498137418
86,2021-10-02,396.29,462.5613938681635,0,0,1,4391.897645229259,66.2713938681635
87,2021-10-03,296.56,136.48915732087826,1,0,0,25622.674676004142,160.07084267912174
88,2021-10-03,565.09,833.0036276232428,0,1,0,71777.71186624558,267.91362762324275
89,2021-10-03,390.35,424.0756622724233,0,0,1,1137.4202957135549,33.72566227242328
90,2021-10-04,314.15,281.08488102457346,1,0,0,1093.3020928591106,33.065118975426515
91,2021-10-04,1408.63,1047.3885032856542,0,1,0,130495.41894842077,361.2414967143459
92,2021-10-04,861.18,625.8099051097097,0,0,1,55399.08156866424,235.37009489029026
93,2021-10-05,363.35,320.1234284638186,1,0,0,1868.5364867726114,43.22657153618144
94,2021-10-05,960.9,1048.0124878552,0,1,0,7588.58554032239,87.11248785520013
95,2021-10-05,545.32,649.6381981059242,0,0,1,10882.286456066831,104.31819810592413
96,2021-10-06,341.0,326.74951111722135,1,0,0,203.07643339819802,14.250488882778654
97,2021-10-06,1199.81,1048.13569513775,0,1,0,23005.09475544675,151.67430486224998
98,2021-10-06,708.91,618.8617359458989,0,0,1,8108.6898591571135,90.04826405410108
99,2021-10-07,359.71,276.9167252112869,1,0,0,6854.72635023935,82.79327478871306
100,2021-10-07,1244.19,1047.508917568313,0,1,0,38683.448186500034,196.68108243168695
101,2021-10-07,826.03,618.4753956886193,0,0,1,43078.913770853804,207.55460431138067
102,2021-10-08,355.5,277.7138632438025,1,0,0,6050.683071453858,77.7861367561975
103,2021-10-08,1033.22,1048.1151859602533,0,1,0,221.86656479052493,14.89518596025323
104,2021-10-08,962.47,620.8829885956621,0,0,1,116681.68636014726,341.5870114043379
105,2021-10-09,346.94,84.71150986637022,1,0,0,68763.78103776315,262.22849013362975
106,2021-10-09,641.84,835.6139384506591,0,1,0,37548.339222679824,193.7739384506591
107,2021-10-09,426.72,445.3707130045828,0,0,1,347.84909557931286,18.65071300458277
108,2021-10-10,357.38,102.51020010522127,1,0,0,64958.61489840456,254.86979989477874
109,2021-10-10,369.53000000000003,833.0006848208585,0,1,0,214805.07568831553,463.4706848208585
110,2021-10-10,365.06,450.83263120998953,0,0,1,7356.944264684869,85.77263120998953
111,2021-10-11,358.03,179.48333775419272,1,0,0,31878.910599118375,178.54666224580725
112,2021-10-11,368.84000000000003,854.5946489033464,0,1,0,235957.5789312133,485.7546489033464
113,2021-10-11,365.6,498.51262599493185,0,0,1,17665.766148868628,132.91262599493183
114,2021-10-12,369.81,345.5516628354136,1,0,0,588.4669219907541,24.258337164586408
115,2021-10-12,1103.22,1049.229557654796,0,1,0,2914.9678646307943,53.990442345203974
116,2021-10-12,728.06,657.0777969180444,0,0,1,5038.473154367974,70.9822030819555
117,2021-10-13,370.78,526.4959891957299,1,0,0,24247.469291204667,155.7159891957299
118,2021-10-13,1560.63,1265.6687275181216,0,1,0,87002.15226412898,294.9612724818785
119,2021-10-13,1000.19,845.2863521938859,0,0,1,23995.140103640646,154.90364780611412
120,2021-10-14,368.87,518.5029369621973,1,0,0,22390.015823932903,149.63293696219728
121,2021-10-14,1539.63,1315.2361438420273,0,1,0,50352.60268144498,224.39385615797278
122,2021-10-14,1217.12,869.6321141165239,0,0,1,120747.83083576764,347.487885883476
123,2021-10-15,355.06,505.59344122600305,1,0,0,22660.316927342516,150.53344122600305
124,2021-10-15,1568.19,1402.7083214051431,0,1,0,27384.18595057153,165.48167859485693
125,2021-10-15,925.75,874.9876024348437,0,0,1,2576.8210065629896,50.762397565156334
126,2021-10-16,367.40999999999997,311.0817285032983,1,0,0,3172.874169806136,56.32827149670169
127,2021-10-16,1003.28,1218.4761361363232,0,1,0,46309.37700800298,215.19613613632328
128,2021-10-16,480.78,595.718499996866,0,0,1,13210.85878152956,114.93849999686597
129,2021-10-17,374.37,241.51982969662438,1,0,0,17649.167749635904,132.85017030337562
130,2021-10-17,575.32,797.9839302270956,0,1,0,49579.225824176865,222.66393022709553
131,2021-10-17,386.5,495.9306897064066,0,0,1,11975.075849619845,109.43068970640661
132,2021-10-18,372.03,384.39842041169976,1,0,0,152.97782348055193,12.368420411699788
133,2021-10-18,1185.06,1042.424870013524,0,1,0,20344.780306258886,142.63512998647593
134,2021-10-18,770.97,704.2279897858333,0,0,1,4454.495927427935,66.74201021416673
135,2021-10-19,325.06,414.88387402985916,1,0,0,8068.328345732006,89.82387402985916
136,2021-10-19,1162.88,1132.4146177971718,0,1,0,928.1395127644088,30.465382202828323
137,2021-10-19,793.97,741.5802720881456,0,0,1,2744.683590678134,52.38972791185438
138,2021-10-20,348.81,429.21526991444136,1,0,0,6465.00743001417,80.40526991444136
139,2021-10-20,1138.47,1124.6286501244585,0,1,0,191.5829663771522,13.841349875541482
140,2021-10-20,878.72,757.4785142909516,0,0,1,14699.4978569374,121.24148570904845
141,2021-10-21,358.87,451.80429857436314,1,0,0,8636.783851508875,92.93429857436314
142,2021-10-21,1314.53,976.4350637842425,0,1,0,114308.18589473711,338.09493621575746
143,2021-10-21,936.72,651.2253919664649,0,0,1,81507.17121622183,285.4946080335351
144,2021-10-22,335.06,368.1684393704569,1,0,0,1096.16875754722,33.10843937045689
145,2021-10-22,1219.41,824.0203473455116,0,1,0,156332.97742623705,395.3896526544885
146,2021-10-22,651.41,619.2319449713767,0,0,1,1035.427225425106,32.17805502862325
147,2021-10-23,291.12,200.74699798385268,1,0,0,8167.279493410569,90.37300201614732
148,2021-10-23,656.38,657.4174824216642,0,1,0,1.0763697752622299,1.0374824216642082
149,2021-10-23,401.71,463.17491293451167,0,0,1,3777.935522047102,61.46491293451169
150,2021-10-24,298.82,202.75526450432056,1,0,0,9228.433405854852,96.06473549567943
151,2021-10-24,399.18,705.7835218271108,0,1,0,94005.7195967876,306.6035218271108
152,2021-10-24,364.44,487.5438666708825,0,0,1,15154.561989322414,123.1038666708825
153,2021-10-25,316.15999999999997,386.0911537601336,1,0,0,4890.366266223449,69.93115376013361
154,2021-10-25,990.22,946.8791276467948,0,1,0,1878.4312163368281,43.340872353205214
155,2021-10-25,691.75,676.3026363157911,0,0,1,238.62104479221537,15.44736368420888
156,2021-10-26,326.34,420.0880522236006,1,0,0,8788.697295718946,93.74805222360061
157,2021-10-26,981.31,1115.924193733353,0,1,0,18120.981154480687,134.61419373335298
158,2021-10-26,862.22,755.630887002808,0,0,1,11361.239009528175,106.58911299719205
159,2021-10-27,384.88,437.02227513064713,1,0,0,2718.8168558001025,52.142275130647135
160,2021-10-27,968.1800000000001,1099.957480812851,0,1,0,17365.304449381274,131.77748081285085
161,2021-10-27,848.13,728.015576321299,0,0,1,14427.47477566648,120.11442367870097
162,2021-10-28,364.56,423.4234105772562,1,0,0,3464.9011047866393,58.86341057725622
163,2021-10-28,1070.35,1121.6865130531078,0,1,0,2635.437572451914,51.336513053107865
164,2021-10-28,897.65,700.7490717020897,0,0,1,38769.97556457879,196.90092829791024
165,2021-10-29,307.25,385.62341870421545,1,0,0,6142.392759386269,78.37341870421545
166,2021-10-29,953.38,1018.8448451815024,0,1,0,4285.645954638074,65.46484518150237
167,2021-10-29,580.03,692.6740146172724,0,0,1,12688.674029096286,112.64401461727243
168,2021-10-30,297.56,230.24585123421818,1,0,0,4531.194624061806,67.31414876578182
169,2021-10-30,676.25,768.157696369213,0,1,0,8447.024651895448,91.907696369213
170,2021-10-30,436.47,527.6476628221337,0,0,1,8313.366197706702,91.1776628221337
171,2021-10-31,324.66,237.4391222085951,1,0,0,7607.481522703191,87.22087779140492
172,2021-10-31,537.18,898.120243366039,0,1,0,130277.85928113546,360.940243366039
173,2021-10-31,421.1,539.4527833206646,0,0,1,14007.381319748178,118.35278332066457
174,2021-11-01,344.96999999999997,428.1803976475381,1,0,0,6923.970276661416,83.21039764753812
175,2021-11-01,1204.78,1034.0983473722981,0,1,0,29132.226543723482,170.68165262770185
176,2021-11-01,730.78,719.6144768967257,0,0,1,124.66890616975144,11.165523103274268
177,2021-11-02,306.19,422.3252776863356,1,0,0,13487.40272328228,116.1352776863356
178,2021-11-02,897.31,999.2389315311051,0,1,0,10389.507083072722,101.92893153110515
179,2021-11-02,795.78,728.830754697462,0,0,1,4482.201446579403,66.94924530253797
180,2021-11-03,347.09000000000003,425.42625228169186,1,0,0,6136.568421540868,78.33625228169183
181,2021-11-03,1064.41,1050.6138496624067,0,1,0,190.33376413747897,13.796150337593417
182,2021-11-03,836.97,708.4497431655983,0,0,1,16517.456416780584,128.52025683440172
183,2021-11-04,331.31,425.85681334587923,1,0,0,8939.099913860528,94.54681334587923
184,2021-11-04,1277.88,1062.6765603126314,0,1,0,46312.52045327494,215.2034396873687
185,2021-11-04,984.96,743.5323492970074,0,0,1,58287.310523966225,241.42765070299265
186,2021-11-05,1510.63,1305.0050206648223,0,1,0,42281.63212659231,205.62497933517784
187,2021-11-06,350.31,254.42777388036592,1,0,0,9193.40128565664,95.88222611963408
188,2021-11-06,1061.34,1067.1290661482365,0,1,0,33.513286868658284,5.789066148236543
189,2021-11-06,552.0699999999999,592.0940318753364,0,0,1,1601.9231275579525,40.024031875336505
190,2021-11-07,363.81,248.4814333740469,1,0,0,13300.678279996904,115.3285666259531
191,2021-11-07,947.53,1047.7859219162383,0,1,0,10051.249879274876,100.25592191623832
192,2021-11-07,500.72,588.5601740948943,0,0,1,7715.896185021326,87.84017409489422
193,2021-11-08,1160.47,743.4131064748741,0,1,0,173936.45243682823,417.05689352512593
194,2021-11-08,686.16,532.8536862179781,0,0,1,23502.82584543176,153.3063137820219
195,2021-11-09,298.75,313.9003142682843,1,0,0,229.53202242777942,15.150314268284319
196,2021-11-09,887.9,696.0729836276008,0,1,0,36797.60421033669,191.82701637239916
197,2021-11-09,673.91,541.3501766836348,0,0,1,17572.10675766595,132.55982331636517
198,2021-11-10,296.12,301.0962416924269,1,0,0,24.762981381447418,4.976241692426868
199,2021-11-10,619.87,524.4559151564798,0,0,1,9103.847586526468,95.41408484352019
200,2021-11-11,903.37,978.3638518700308,0,1,0,5624.0778183041175,74.99385187003077
201,2021-11-11,822.56,628.6081718267379,0,0,1,37617.311651750555,193.95182817326202
202,2021-11-12,333.32,360.20589993755823,1,0,0,722.851615452394,26.885899937558236
203,2021-11-12,1077.06,741.4906775241124,0,1,0,112606.77018692624,335.5693224758876
204,2021-11-12,560.22,591.5644328255695,0,0,1,982.473469156637,31.34443282556947
205,2021-11-13,331.94,162.82042585322947,1,0,0,28601.430359585014,169.11957414677053
206,2021-11-13,1074.12,591.9075561118117,0,1,0,232528.84104061907,482.2124438881882
207,2021-11-13,469.75,398.9198253167178,0,0,1,5016.913645664274,70.83017468328222
208,2021-11-14,312.84000000000003,167.40098240826921,1,0,0,21152.507838047786,145.43901759173082
209,2021-11-14,626.63,637.7766126856741,0,1,0,124.24697436443046,11.146612685674086
210,2021-11-14,359.28,459.4108707114744,0,0,1,10026.191269438004,100.13087071147442
211,2021-11-15,327.75,371.33047013544376,1,0,0,1899.2573772263056,43.58047013544376
212,2021-11-15,640.5,1026.676737328021,0,1,0,149132.4724533154,386.1767373280211
213,2021-11-15,493.28,696.3383572632046,0,0,1,41232.69645443123,203.05835726320458
214,2021-11-16,318.56,414.7078467151455,1,0,0,9244.408427959112,96.14784671514548
215,2021-11-16,802.1,1193.3019027656505,0,1,0,153038.92872746548,391.2019027656505
216,2021-11-16,754.44,737.8524572414691,0,0,1,275.14657476609284,16.587542758530958
217,2021-11-17,326.65,425.64390269055787,1,0,0,9799.792769907644,98.99390269055789
218,2021-11-17,1137.6,1102.048349958577,0,1,0,1263.919820667799,35.55165004142282
219,2021-11-17,767.31,720.7402730988659,0,0,1,2168.739463646204,46.569726901134004
220,2021-11-18,318.25,394.9343191588964,1,0,0,5880.484804863488,76.68431915889641
221,2021-11-18,1067.47,907.5029076737767,0,1,0,25589.470627306462,159.96709232622334
222,2021-11-18,867.9,662.2836163284016,0,0,1,42278.09723418593,205.61638367159833
223,2021-11-19,1127.69,1047.7644221000933,0,1,0,6388.098002634068,79.92557789990678
224,2021-11-19,713.28,723.47629645272,0,0,1,103.96446135175144,10.196296452720048
225,2021-11-20,1196.22,799.5295812199996,0,1,0,157363.2883518521,396.6904187800004
226,2021-11-20,561.28,539.6025311332108,0,0,1,469.91265647061186,21.677468866789127
227,2021-11-21,319.68,223.01126015539006,1,0,0,9344.845263144878,96.66873984460995
228,2021-11-21,1006.8199999999999,1034.7001583109575,0,1,0,777.3032274440548,27.88015831095754
229,2021-11-21,466.87,556.792875804436,0,0,1,8086.123592940019,89.92287580443599
230,2021-11-22,314.53,402.4950589920774,1,0,0,7737.851603479665,87.96505899207745
231,2021-11-22,1087.88,736.876885589352,0,1,0,123203.18632597452,351.0031144106481
232,2021-11-22,657.28,511.61275443466053,0,0,1,21218.946430592903,145.66724556533944
233,2021-11-23,301.12,271.4976145238621,1,0,0,877.4857212969043,29.62238547613788
234,2021-11-23,959.54,527.1311447550964,0,1,0,186977.41809420794,432.4088552449035
235,2021-11-23,781.3100000000001,486.8062098327695,0,0,1,86732.48242286415,294.50379016723053
236,2021-11-24,312.03,298.64554319812885,1,0,0,179.1436838811542,13.384456801871124
237,2021-11-24,794.41,735.1729388687052,0,1,0,3509.029411472758,59.23706113129481
238,2021-11-24,641.28,583.2880253693684,0,0,1,3363.0691215598195,57.9919746306316
239,2021-11-25,737.56,619.4149051089485,0,0,1,13958.26344681556,118.14509489105149
240,2021-11-26,287.44,366.4003428374547,1,0,0,6234.73574100838,78.96034283745468
241,2021-11-26,826.75,784.8985537211756,0,1,0,1751.543555629322,41.85144627882437
242,2021-11-26,558.22,563.3919007900537,0,0,1,26.748557782157626,5.171900790053655
243,2021-11-27,300.56,168.81179831009598,1,0,0,17357.58864852363,131.74820168990402
244,2021-11-27,837.66,607.9437462664354,0,1,0,52769.557229383434,229.7162537335646
245,2021-11-27,435.0,461.8485288273439,0,0,1,720.8435001927163,26.8485288273439
246,2021-11-28,301.15,216.1611392091278,1,0,0,7223.106458530248,84.98886079087217
247,2021-11-29,310.21999999999997,414.1912709655945,1,0,0,10810.025186201086,103.97127096559456
248,2021-11-29,1109.69,1109.1092295612532,0,1,0,0.337294302522229,0.5807704387468675
249,2021-11-29,754.72,740.6637683685492,0,0,1,197.5776476769988,14.056231631450828
250,2021-11-30,856.47,964.5287640770778,0,1,0,11676.696493865547,108.05876407707774
251,2021-11-30,618.03,587.123924206926,0,0,1,955.1855209272361,30.906075793074024
252,2021-12-01,340.03000000000003,291.9537453693362,1,0,0,2311.3262593124236,48.07625463066381
253,2021-12-01,793.16,620.2348286891634,0,1,0,29903.11487288219,172.92517131083662
254,2021-12-01,732.96,511.0878235897152,0,0,1,49227.262665036564,221.87217641028485
255,2021-12-02,312.6,273.76748046660447,1,0,0,1507.9645733115474,38.832519533395555
256,2021-12-02,893.56,762.5534962342947,0,1,0,17162.704028913744,131.00650376570525
257,2021-12-02,655.5,485.5593073961977,0,0,1,28879.83900266002,169.9406926038023
258,2021-12-03,304.88,216.79890971271342,1,0,0,7758.278466197129,88.08109028728657
259,2021-12-03,798.5,740.041414705608,0,1,0,3417.406194621709,58.45858529439204
260,2021-12-03,600.4300000000001,473.55068056983333,0,0,1,16098.361699062285,126.87931943016673
261,2021-12-04,333.78,99.97912881040857,1,0,0,54662.84736901192,233.80087118959142
262,2021-12-04,949.5699999999999,629.5504719982835,0,1,0,102412.4983024414,320.0195280017165
263,2021-12-04,493.09000000000003,411.68950011600657,0,0,1,6626.04138136402,81.40049988399346
264,2021-12-05,319.15999999999997,160.38892810849532,1,0,0,25208.253269577337,158.77107189150465
265,2021-12-05,672.9,633.247035350209,0,1,0,1572.3576055175738,39.65296464979099
266,2021-12-05,444.28,423.55855321776704,0,0,1,429.3783567489115,20.72144678223293
267,2021-12-06,326.94,317.38358857665344,1,0,0,91.32499929226863,9.55641142334656
268,2021-12-06,1089.28,813.10274467743,0,1,0,76273.87635750801,276.17725532257
269,2021-12-06,673.91,593.4324688491411,0,0,1,6476.633020137466,80.47753115085891
270,2021-12-07,301.25,336.84735193046095,1,0,0,1267.1714644610915,35.597351930460945
271,2021-12-07,871.66,785.3851062885273,0,1,0,7443.357284925914,86.27489371147271
272,2021-12-07,738.03,584.552173847276,0,0,1,23555.443120565767,153.477826152724
273,2021-12-08,296.68,343.9999884351769,1,0,0,2239.1813055052726,47.31998843517687
274,2021-12-08,988.6,941.3713317999789,0,1,0,2230.54709994769,47.22866820002116
275,2021-12-08,810.81,644.9594523558884,0,0,1,27506.404153851712,165.85054764411154
276,2021-12-09,320.47,375.84294015236384,1,0,0,3066.162501117264,55.37294015236381
277,2021-12-09,959.81,958.0197750530518,0,1,0,3.204905360675381,1.7902249469481148
278,2021-12-09,827.94,676.111970460877,0,0,1,23051.750553732807,151.828029539123
279,2021-12-10,310.47,404.95542406106927,1,0,0,8927.495360000083,94.48542406106924
280,2021-12-10,720.53,980.7770224754195,0,1,0,67728.5127073215,260.2470224754195
281,2021-12-10,610.41,666.8174987544511,0,0,1,3181.8059157334055,56.407498754451126
282,2021-12-11,1033.81,879.6150612406468,0,1,0,23776.079139000663,154.19493875935314
283,2021-12-11,454.47,506.4139718927475,0,0,1,2698.1762159945392,51.94397189274747
284,2021-12-12,326.47,194.46009019957555,1,0,0,17426.616285516207,132.00990980042448
285,2021-12-12,652.69,660.9807152121597,0,1,0,68.73595872913502,8.290715212159625
286,2021-12-12,352.09000000000003,414.4603471546587,0,0,1,3890.060204192636,62.370347154658646
287,2021-12-13,301.37,325.38663457222333,1,0,0,576.7987361757126,24.016634572223325
288,2021-12-13,1052.32,712.7800353722649,0,1,0,115287.38757940354,339.539964627735
289,2021-12-13,684.84,563.4128284732169,0,0,1,14744.557984994812,121.42717152678313
290,2021-12-14,291.90999999999997,346.90825782861083,1,0,0,3024.808364182356,54.99825782861086
291,2021-12-14,974.4300000000001,975.6741611654728,0,1,0,1.5479370056705033,1.2441611654727467
292,2021-12-14,709.04,665.1495000584816,0,0,1,1926.3759851164205,43.89049994151833
293,2021-12-15,320.93,337.35460868023506,1,0,0,269.76777029885267,16.424608680235053
294,2021-12-15,1035.5,1120.132369552333,0,1,0,7162.637976042679,84.6323695523331
295,2021-12-15,836.0699999999999,744.5975048231423,0,0,1,8367.217373880236,91.47249517685759
296,2021-12-16,316.5,370.3978316483893,1,0,0,2904.9762563981135,53.897831648389285
297,2021-12-16,943.5,1122.5616485507621,0,1,0,32063.073981716654,179.06164855076213
298,2021-12-17,309.32,371.5456503326621,1,0,0,3872.0315593227306,62.2256503326621
299,2021-12-17,1161.56,740.2140195360676,0,1,0,177532.4352531125,421.3459804639324
300,2021-12-18,311.75,127.92732572102584,1,0,0,33790.77557907382,183.82267427897415
301,2021-12-18,918.13,415.9199322402221,0,1,0,252214.95215928069,502.21006775977787
302,2021-12-18,459.87,330.952363727406,0,0,1,16619.756942112843,128.917636272594
303,2021-12-19,302.63,136.73724997936606,1,0,0,27520.40450940854,165.89275002063394
304,2021-12-19,847.4300000000001,594.1510289449843,0,1,0,64150.2371786875,253.27897105501575
305,2021-12-19,438.07,387.1164773968981,0,0,1,2596.2614656648134,50.953522603101874
306,2021-12-20,327.87,323.3091791270656,1,0,0,20.801087034994232,4.560820872934414
307,2021-12-20,1026.38,914.9075227403099,0,1,0,12426.11318641215,111.47247725969021
308,2021-12-20,637.25,619.3679638996949,0,0,1,319.7672150926138,17.882036100305072
309,2021-12-21,304.18,335.9401228815037,1,0,0,1008.7054054482161,31.76012288150372
310,2021-12-21,855.5699999999999,785.4859606823081,0,1,0,4911.772567083771,70.0840393176918
311,2021-12-21,675.93,586.7847370635468,0,0,1,7946.877904009368,89.14526293645315
312,2021-12-22,302.57,325.80377759834425,1,0,0,539.8084214893237,23.23377759834426
313,2021-12-22,837.9300000000001,717.1827949218057,0,1,0,14579.887534195532,120.74720507819438
314,2021-12-22,779.5,552.8445985784625,0,0,1,51372.67099355829,226.65540142153748
315,2021-12-23,308.69,339.57839908140085,1,0,0,954.0931978118848,30.88839908140085
316,2021-12-23,889.56,884.2932241345399,0,1,0,27.738928016992883,5.26677586546009
317,2021-12-23,888.88,649.7343798660919,0,0,1,57190.62762923147,239.1456201339081
318,2021-12-24,307.12,363.7631072113867,1,0,0,3208.4415945606456,56.64310721138668
319,2021-12-24,1095.82,762.2813206110441,0,1,0,111248.05064852869,333.53867938895587
320,2021-12-24,698.37,599.1797328098787,0,0,1,9838.709105247652,99.19026719012129
321,2021-12-25,316.13,171.37318224430453,1,0,0,20954.53628675563,144.75681775569547
322,2021-12-25,777.56,453.3935715034183,0,1,0,105083.8733642294,324.16642849658166
323,2021-12-25,369.25,316.6541783307,0,0,1,2766.3204570688067,52.595821669299994
324,2021-12-26,292.06,104.0047760500188,1,0,0,35364.76725487759,188.0552239499812
325,2021-12-26,383.88,280.21605455419314,0,0,1,10746.21358539122,103.66394544580686
326,2021-12-27,316.93,227.8427089314402,1,0,0,7936.545429934296,89.08729106855981
327,2021-12-27,928.5699999999999,430.9619432082787,0,1,0,247613.77818403288,497.60805679172125
328,2021-12-27,553.75,441.53611053283754,0,0,1,12591.956989348553,112.21388946716246
329,2021-12-28,298.56,273.53417699692244,1,0,0,626.2918169813661,25.025823003077562
330,2021-12-28,776.69,735.2233454047798,0,1,0,1719.4834433192993,41.466654595220234
331,2021-12-28,587.43,537.3135362675201,0,0,1,2511.659937048965,50.116463732479815
332,2021-12-29,312.5,293.15007785325537,1,0,0,374.4194870850784,19.349922146744632
333,2021-12-29,832.5699999999999,787.1162609614372,0,1,0,2066.0423925857617,45.45373903856273
334,2021-12-29,638.75,563.4623914059584,0,0,1,5668.2240078096,75.28760859404156
335,2021-12-30,308.87,301.0914272000105,1,0,0,60.50619480473634,7.77857279998949
336,2021-12-30,730.0,594.3816442085196,0,1,0,18392.338427584575,135.61835579148044
337,2021-12-30,621.31,492.5418974130193,0,0,1,16581.224243851175,128.76810258698066
338,2021-12-31,285.82,136.5288894284594,1,0,0,22287.83569568396,149.2911105715406
339,2021-12-31,325.13,339.9706281598298,0,0,1,220.2442441783334,14.840628159829805
340,2022-01-01,289.31,138.35469799843383,1,0,0,22787.503202384047,150.95530200156617
341,2022-01-01,301.37,513.4941423436702,0,1,0,44996.651765037655,212.1241423436702
342,2022-01-01,312.75,351.29030868662045,0,0,1,1485.3553936599917,38.54030868662045
343,2022-01-02,293.38,130.51787153901387,1,0,0,26524.072886842747,162.86212846098613
344,2022-01-02,296.0,554.2540188635485,0,1,0,66695.13825917405,258.2540188635485
345,2022-01-02,294.69,385.53093140220125,0,0,1,8252.074818019433,90.84093140220125
346,2022-01-03,309.87,310.9736558451257,1,0,0,1.2180562244800621,1.1036558451256724
347,2022-01-03,982.44,809.2058048855522,0,1,0,30010.08635695059,173.23419511444786
348,2022-01-03,651.87,594.3740989634409,0,0,1,3305.778636005795,57.495901036559076
349,2022-01-04,298.69,327.7069513904518,1,0,0,841.983467995844,29.016951390451823
350,2022-01-04,777.69,740.4498380986473,0,1,0,1386.8296584389639,37.240161901352735
351,2022-01-04,640.75,576.6569975845431,0,0,1,4107.912958627765,64.09300241545691
352,2022-01-05,307.31,339.47576001126606,1,0,0,1034.6361171023627,32.16576001126606
353,2022-01-05,929.0,816.0827076011517,0,1,0,12750.314922687005,112.9172923988483
354,2022-01-05,766.44,595.4446668405894,0,0,1,29239.403962297834,170.99533315941062
355,2022-01-06,965.75,649.8480763651197,0,1,0,99794.02535621774,315.9019236348803
356,2022-01-07,328.0,270.1586734937295,1,0,0,3345.619052004989,57.84132650627049
357,2022-01-07,975.75,623.8544746965443,0,1,0,123830.460728595,351.89552530345566
358,2022-01-07,547.63,517.1716808559293,0,0,1,927.7092050820663,30.458319144070742
359,2022-01-08,864.94,494.8150163551943,0,1,0,136992.50351806774,370.12498364480575
360,2022-01-08,388.5,366.4787810014233,0,0,1,484.93408618327663,22.021218998576728
361,2022-01-09,299.87,154.28560327512128,1,0,0,21194.81656974688,145.58439672487873
362,2022-01-09,631.06,589.3724291797157,0,1,0,1737.8535608962136,41.687570820284236
363,2022-01-09,360.69,390.5151760719379,0,0,1,889.5411277220973,29.825176071937904
364,2022-01-10,321.5,302.69059093368526,1,0,0,353.79386942396326,18.809409066314743
365,2022-01-10,886.5,728.2924997591007,0,1,0,25029.61313247416,158.20750024089932
366,2022-01-10,632.81,554.1491766944192,0,0,1,6187.525123111791,78.66082330558072
367,2022-01-11,316.88,280.6454485304585,1,0,0,1312.942720198851,36.234551469541486
368,2022-01-11,1042.62,405.7369311433807,0,1,0,405620.04339622526,636.8830688566193
369,2022-01-11,665.82,417.4916005686589,0,0,1,61666.99396413172,248.32839943134115
370,2022-01-12,306.75,224.75710833084997,1,0,0,6722.834284268972,81.99289166915003
371,2022-01-12,769.56,421.44546539909413,0,1,0,121183.72920040524,348.1145346009058
372,2022-01-12,676.12,440.7414775181954,0,0,1,55403.04884571741,235.37852248180462
373,2022-01-13,334.63,246.22268092841227,1,0,0,7815.8540654255185,88.40731907158772
374,2022-01-13,729.19,502.21258276372924,0,1,0,51518.74793524817,226.9774172362708
375,2022-01-13,528.25,438.84732117977813,0,0,1,7992.838980231747,89.40267882022187
376,2022-01-14,298.56,237.12462999232702,1,0,0,3774.3046879796857,61.43537000767299
377,2022-01-14,850.62,615.5679122532767,0,1,0,55249.48395409329,235.05208774672326
378,2022-01-14,460.0,511.52278745549074,0,0,1,2654.5976271836744,51.52278745549074
379,2022-01-15,852.31,554.1697796861478,0,1,0,88887.59096879231,298.1402203138522
380,2022-01-15,422.32,379.84459274185457,0,0,1,1804.160221745313,42.475407258145424
381,2022-01-16,302.87,135.6370328680146,1,0,0,27966.865295767715,167.23296713198542
382,2022-01-16,602.81,680.3842307347087,0,1,0,6017.761274081831,77.57423073470875
383,2022-01-16,338.0,405.6833841218735,0,0,1,4581.040486189074,67.68338412187347
384,2022-01-17,311.13,310.30589665743094,1,0,0,0.6791463192334979,0.8241033425690603
385,2022-01-17,688.5,676.3172911556659,0,1,0,148.41839478581667,12.182708844334115
386,2022-01-17,437.44,516.428121333406,0,0,1,6239.123311780871,78.98812133340601
387,2022-01-18,288.06,294.7059692976304,1,0,0,44.16890790504612,6.645969297630415
388,2022-01-18,703.44,615.4766231562123,0,1,0,7737.555665762211,87.96337684378773
389,2022-01-18,484.75,515.0929166348573,0,0,1,920.6925899098975,30.34291663485726
390,2022-01-19,302.12,303.7523173469382,1,0,0,2.6644599211152986,1.63231734693818
391,2022-01-19,710.56,664.8058551282035,0,1,0,2093.4417729493407,45.754144871796484
392,2022-01-19,430.69,519.6756687189511,0,0,1,7918.449237358913,88.9856687189511
393,2022-01-20,305.81,310.91696470711656,1,0,0,26.081088519734138,5.1069647071165605
394,2022-01-20,688.5,681.9084241059242,0,1,0,43.44887276736178,6.591575894075845
395,2022-01-20,375.38,537.3931157749128,0,0,1,26248.249683095288,162.01311577491276
396,2022-01-21,296.37,296.24513039907305,1,0,0,0.015592417235657385,0.12486960092695654
397,2022-01-21,776.44,646.5464208347241,0,1,0,16872.341908365805,129.89357916527592
398,2022-01-21,413.44,572.5326958684572,0,0,1,25310.485878693406,159.09269586845716
399,2022-01-22,988.44,608.1549250695348,0,1,0,144616.73821486958,380.28507493046527
400,2022-01-22,417.5,444.14235919530813,0,0,1,709.8153034918197,26.64235919530813
401,2022-01-23,293.44,174.894541524052,1,0,0,14053.025725272713,118.54545847594801
402,2022-01-23,349.68,710.7916709738428,0,1,0,130401.63891352087,361.11167097384276
403,2022-01-23,294.63,426.31833238260026,0,0,1,17341.816885710206,131.68833238260027
404,2022-01-24,299.69,332.60186065340974,1,0,0,1083.1905716694607,32.91186065340975
405,2022-01-24,628.25,688.42510216475,0,1,0,3621.0429205381,60.17510216475
406,2022-01-24,389.31,552.4793366218145,0,0,1,26624.232413603004,163.16933662181447
407,2022-01-25,293.87,321.0575988214562,1,0,0,739.1655296764476,27.18759882145622
408,2022-01-25,619.69,823.979083908482,0,1,0,41734.02980416679,204.28908390848198
409,2022-01-25,450.13,609.7603231339868,0,0,1,25481.84006386106,159.63032313398685
410,2022-01-26,319.68,181.68493491166922,1,0,0,19042.63798873265,137.9950650883308
411,2022-01-26,639.0699999999999,860.3092278301557,0,1,0,48946.79593088356,221.23922783015576
412,2022-01-26,388.18,467.87518894683313,0,0,1,6351.323141271433,79.69518894683313
413,2022-01-27,293.13,189.81666361524057,1,0,0,10673.645474950456,103.31333638475942
414,2022-01-27,600.56,816.0769791315801,0,1,0,46447.56829400194,215.51697913158011
415,2022-01-27,413.38,482.43141397650146,0,0,1,4768.097772154182,69.05141397650146
416,2022-01-28,279.31,189.97834638700414,1,0,0,7980.144337232277,89.33165361299586
417,2022-01-28,335.37,574.3586859310302,0,1,0,57115.5920030406,238.9886859310302
418,2022-01-28,283.44,400.07080393205223,0,0,1,13602.74442583681,116.63080393205223
419,2022-01-29,264.88,152.0144121963914,1,0,0,12738.640910254084,112.8655878036086
420,2022-01-29,267.37,491.2940490585039,0,1,0,50141.97974675526,223.9240490585039
421,2022-01-29,263.19,359.1131276334871,0,0,1,9201.24641499026,95.92312763348713
422,2022-01-30,262.44,135.76572739332437,1,0,0,16046.37134043037,126.67427260667563
423,2022-01-30,259.5,328.7301677644982,0,1,0,4792.816128700569,69.23016776449822
424,2022-01-30,264.56,278.3796196142116,0,0,1,190.98188628150209,13.819619614211604
425,2022-01-31,260.12,108.31615957485135,1,0,0,23044.405967823994,151.80384042514865
426,2022-01-31,274.38,466.93350913415304,0,1,0,37076.85387987636,192.55350913415305
427,2022-01-31,266.5,366.27521438614343,0,0,1,9955.093405800882,99.77521438614343
428,2022-02-01,251.5,139.24432035294268,1,0,0,12601.337613022759,112.25567964705732
429,2022-02-01,276.44,518.0813604462434,0,1,0,58390.54707831131,241.64136044624337
430,2022-02-01,283.87,354.0365428327128,0,0,1,4923.343733094923,70.16654283271282
431,2022-02-02,255.88,143.33937678854693,1,0,0,12665.391872822249,112.54062321145307
432,2022-02-02,280.31,577.86921429948,0,1,0,88541.48601452383,297.55921429947995
433,2022-02-02,260.75,398.08888514336485,0,0,1,18861.96937242236,137.33888514336485
434,2022-02-03,248.25,152.19525492917026,1,0,0,9226.51405062209,96.05474507082974
435,2022-02-03,270.06,462.89767044462377,0,1,0,37186.36714250932,192.83767044462377
436,2022-02-03,266.63,355.9855811324537,0,0,1,7984.419879518519,89.35558113245372
437,2022-02-04,243.37,131.80089646775522,1,0,0,12447.664862988755,111.56910353224478
438,2022-02-04,275.75,391.7399918320164,0,1,0,13453.678205191234,115.98999183201641
439,2022-02-04,264.63,296.99203173173447,0,0,1,1047.3010978057891,32.362031731734476
440,2022-02-05,255.62,98.78108464015885,1,0,0,24598.445371251422,156.83891535984117
441,2022-02-05,247.5,340.05312392242314,0,1,0,8566.080747799415,92.55312392242314
442,2022-02-05,251.19,307.2945053150798,0,0,1,3147.7155166498164,56.10450531507979
443,2022-02-06,251.37,109.58833856011336,1,0,0,20102.039520654642,141.78166143988665
444,2022-02-06,246.69,381.35592660657846,0,1,0,18134.91178880838,134.66592660657847
445,2022-02-06,258.19,330.52378604628296,0,0,1,5232.17660378944,72.33378604628297
446,2022-02-07,259.06,146.33006321139132,1,0,0,12708.038648363708,112.72993678860868
447,2022-02-07,304.44,742.7406926064178,0,1,0,192107.4971392656,438.30069260641784
448,2022-02-07,266.5,337.1917367475065,0,0,1,4997.321644378764,70.69173674750652
449,2022-02-08,264.81,124.11107793801706,1,0,0,19796.186669403953,140.69892206198296
450,2022-02-08,625.81,466.2881042487455,0,1,0,25447.235224074084,159.52189575125442
451,2022-02-08,380.19,357.946172109543,0,0,1,494.78787922027266,22.243827890457
452,2022-02-09,288.94,143.47117609125732,1,0,0,21161.178729392785,145.46882390874268
453,2022-02-09,634.37,479.55799565798753,0,1,0,23966.756688391288,154.81200434201247
454,2022-02-09,405.69,378.812511486918,0,0,1,722.3993887708533,26.87748851308197
455,2022-02-10,292.38,148.94364596434735,1,0,0,20573.987659041086,143.43635403565264
456,2022-02-10,634.56,570.9420268217896,0,1,0,4047.246511303495,63.61797317821038
457,2022-02-10,418.81,399.27780370289105,0,0,1,381.5066921887967,19.532196297108953
458,2022-02-11,297.25,167.19741513851088,1,0,0,16913.67482915483,130.05258486148912
459,2022-02-11,1003.19,841.0728754801645,0,1,0,26281.962062579867,162.11712451983556
460,2022-02-11,515.06,480.70123653513866,0,0,1,1180.5246268342864,34.35876346486128
461,2022-02-12,283.31,181.38829206376636,1,0,0,10388.034548638912,101.92170793623364
462,2022-02-12,699.38,590.6653873311637,0,1,0,11818.867007735093,108.71461266883625
463,2022-02-12,411.44,422.34018206979204,0,0,1,118.81396915461583,10.900182069792038
464,2022-02-13,284.25,177.13061789227638,1,0,0,11474.5620231405,107.11938210772362
465,2022-02-13,345.18,661.8136329256683,0,1,0,100256.85749970688,316.63363292566834
466,2022-02-13,297.75,385.01110750992353,0,0,1,7614.500883858434,87.26110750992353
467,2022-02-14,298.69,129.0150631035738,1,0,0,28789.584210806213,169.6749368964262
468,2022-02-14,836.69,370.8772707472323,0,1,0,216981.49873391233,465.8127292527678
469,2022-02-14,515.87,348.09207515576014,0,0,1,28149.4320650394,167.77792484423986
470,2022-02-15,305.88,293.9066700423061,1,0,0,143.3606302758107,11.97332995769392
471,2022-02-15,843.12,690.4670525523718,0,1,0,23302.92236444834,152.6529474476282
472,2022-02-16,309.68,291.8596011735463,1,0,0,317.56661433387234,17.820398826453697
473,2022-02-16,797.3199999999999,706.0478053945237,0,1,0,8330.613508099921,91.27219460547622
474,2022-02-16,552.5,531.6146422510155,0,0,1,436.1981683030653,20.88535774898446
475,2022-02-17,306.5,310.5186372113645,1,0,0,16.149445036563268,4.018637211364478
476,2022-02-17,735.4300000000001,709.2383874807307,0,1,0,686.000566359548,26.19161251926937
477,2022-02-17,535.07,514.6523478536484,0,0,1,416.8805191694184,20.417652146351656
478,2022-02-18,293.18,290.25049069512784,1,0,0,8.582024767332623,2.9295093048721697
479,2022-02-18,867.13,669.2122922839278,0,1,0,39171.41902758458,197.9177077160722
480,2022-02-18,516.4399999999999,547.2927684600788,0,0,1,951.8933216512388,30.85276846007889
481,2022-02-19,287.0,157.42266195211946,1,0,0,16790.286535574713,129.57733804788054
482,2022-02-19,559.0,487.44005169413157,0,1,0,5120.826201538563,71.55994830586843
483,2022-02-19,367.56,299.91432981313585,0,0,1,4575.936695030002,67.64567018686415
484,2022-02-20,278.81,77.5902767164553,1,0,0,40489.377038306295,201.21972328354468
485,2022-02-20,327.0,149.81232028438686,0,1,0,31395.473843002706,177.18767971561314
486,2022-02-20,295.19,215.37228209204514,0,0,1,6370.8680920338575,79.81771790795486
487,2022-02-21,296.12,201.86451266450072,1,0,0,8884.096892852465,94.25548733549928
488,2022-02-21,861.5699999999999,466.49795699445616,0,1,0,156081.91916457424,395.0720430055438
489,2022-02-21,536.5,479.1648410097221,0,0,1,3287.320456440442,57.335158990277876
490,2022-02-22,296.81,268.7237223949098,1,0,0,788.8389897101898,28.086277605090174
491,2022-02-22,855.06,568.8598159458767,0,1,0,81910.54535261403,286.20018405412327
492,2022-02-22,602.06,486.02879429770206,0,0,1,13463.240696728964,116.03120570229788
493,2022-02-23,306.63,252.80750917459602,1,0,0,2896.860518650695,53.822490825403975
494,2022-02-23,824.56,444.62544864872694,0,1,0,144350.2633104931,379.934551351273
495,2022-02-23,542.63,411.9145504962482,0,0,1,17086.52873896789,130.7154495037518
496,2022-02-24,298.68,224.32393752198988,1,0,0,5528.824027233746,74.35606247801013
497,2022-02-24,823.44,467.42338651632963,0,1,0,126747.82907638118,356.0166134836704
498,2022-02-24,544.75,427.5696906190263,0,0,1,13731.224906620715,117.18030938097371
499,2022-02-25,290.44,259.61800837540994,1,0,0,949.9951677062995,30.821991624590055
500,2022-02-25,723.5,748.9916065425472,0,1,0,649.8220041200339,25.491606542547174
501,2022-02-25,524.56,536.5326842617186,0,0,1,143.34516843080556,11.972684261718655
502,2022-02-26,282.75,116.22054619797079,1,0,0,27732.058983602175,166.5294538020292
503,2022-02-26,351.25,727.0361152353444,0,1,0,141215.20440367152,375.78611523534437
504,2022-02-26,312.06,429.1699991895354,0,0,1,13714.751910172985,117.10999918953542
505,2022-02-27,282.07,149.90580083300515,1,0,0,17467.375541453082,132.16419916699485
506,2022-02-27,440.12,671.1957240615734,0,1,0,53395.99025058041,231.0757240615734
507,2022-02-27,310.19,437.22502982840615,0,0,1,16137.89880350404,127.03502982840615
508,2022-02-28,288.25,154.12490004060095,1,0,0,17989.542439118788,134.12509995939905
509,2022-02-28,352.0,923.9055575827454,0,1,0,327075.96679403086,571.9055575827454
510,2022-02-28,332.69,475.1782357337408,0,0,1,20302.897322514087,142.4882357337408
511,2022-03-01,299.18,354.9248265983887,1,0,0,3107.4856924844207,55.74482659838867
512,2022-03-01,817.0699999999999,957.0469210415002,0,1,0,19593.53842425841,139.9769210415003
513,2022-03-01,648.5600000000001,615.1043910194928,0,0,1,1119.2777722565963,33.455608980507236
514,2022-03-02,307.56,385.3384946948401,1,0,0,6049.4942369952705,77.7784946948401
515,2022-03-02,863.13,840.2869050831905,0,1,0,521.8069853783676,22.84309491680949
516,2022-03-02,737.5,598.8178802630642,0,0,1,19232.730334729786,138.68211973693576
517,2022-03-03,325.56,341.56110041994765,1,0,0,256.03521464924876,16.001100419947647
518,2022-03-03,872.5,1031.5640343221205,0,1,0,25301.36701482873,159.0640343221205
519,2022-03-03,604.19,685.2283859019805,0,0,1,6567.219989598297,81.0383859019804
520,2022-03-04,641.88,692.1460775361473,0,0,1,2526.6785508699772,50.26607753614735
521,2022-03-05,308.06,209.17146699772127,1,0,0,9778.94195934277,98.88853300227873
522,2022-03-05,914.37,745.7128289054796,0,1,0,28445.24136160634,168.65717109452044
523,2022-03-05,408.0,472.4477740155819,0,0,1,4153.515575563513,64.4477740155819
524,2022-03-06,311.75,196.28412615655867,1,0,0,13332.36802242951,115.46587384344133
525,2022-03-06,622.38,635.6446147688029,0,1,0,175.9500049647429,13.264614768802858
526,2022-03-06,381.81,406.62483445926773,0,0,1,615.7760092408611,24.81483445926773
527,2022-03-07,322.81,315.8360954376768,1,0,0,48.63534484439213,6.973904562323185
528,2022-03-07,805.69,551.5153775239886,0,1,0,64604.738710822945,254.17462247601145
529,2022-03-07,541.81,423.43957182422844,0,0,1,14011.558266515482,118.37042817577151
530,2022-03-08,294.25,225.28008346502122,1,0,0,4756.849386841939,68.96991653497878
531,2022-03-08,776.3199999999999,777.3854283481229,0,1,0,1.1351375649840278,1.065428348122964
532,2022-03-08,609.6800000000001,542.6766297003471,0,0,1,4489.451631512414,67.00337029965294
533,2022-03-09,310.32,252.3226966156842,1,0,0,3363.687199852367,57.997303384315785
534,2022-03-09,798.06,1048.1013718751847,0,1,0,62520.68764922442,250.04137187518472
535,2022-03-09,605.37,672.422330347073,0,0,1,4496.015004972998,67.05233034707294
536,2022-03-10,305.57,347.2506648405582,1,0,0,1737.2778215509463,41.68066484055822
537,2022-03-10,981.12,1016.3850046638913,0,1,0,1243.6205539442765,35.26500466389132
538,2022-03-10,614.06,640.5805487968803,0,0,1,703.3395084877117,26.520548796880348
539,2022-03-11,307.25,300.73879913869683,1,0,0,42.395736656235094,6.511200861303166
540,2022-03-11,810.5699999999999,1075.8901557661382,0,1,0,70394.78505576785,265.3201557661382
541,2022-03-11,547.8100000000001,673.2964098336865,0,0,1,15746.839052947927,125.48640983368648
542,2022-03-12,307.19,203.89563246588253,1,0,0,10669.726364273341,103.29436753411747
543,2022-03-12,399.25,563.7253813095977,0,0,1,27052.151056937546,164.47538130959765
544,2022-03-13,302.88,209.14408208527513,1,0,0,8786.422307316037,93.73591791472487
545,2022-03-13,588.62,1005.3917456053445,0,1,0,173698.68793492595,416.77174560534445
546,2022-03-13,361.0,481.81725043716034,0,0,1,14596.80800319552,120.81725043716034
547,2022-03-14,337.75,357.3062705235647,1,0,0,382.4477167908458,19.556270523564706
548,2022-03-14,1114.75,1171.480396486384,0,1,0,3218.337885502336,56.73039648638405
549,2022-03-14,722.13,632.2338763077965,0,0,1,8081.313054883942,89.89612369220345
550,2022-03-15,317.06,349.72036593282974,1,0,0,1066.699502866345,32.660365932829734
551,2022-03-15,941.81,1228.0911169129201,0,1,0,81956.87790090908,286.2811169129202
552,2022-03-15,782.31,744.3750784904664,0,0,1,1439.0582699344693,37.934921509533524
553,2022-03-16,327.13,406.08948450449975,1,0,0,6234.600193216337,78.95948450449976
554,2022-03-16,1001.12,1279.829630359317,0,1,0,77679.0580550271,278.709630359317
555,2022-03-16,835.94,778.1913993149159,0,0,1,3334.900881085304,57.74860068508417
556,2022-03-17,347.13,423.7476159204406,1,0,0,5870.259069332151,76.61761592044058
557,2022-03-17,1223.62,1224.9011562436717,0,1,0,1.6413613206993145,1.2811562436718305
558,2022-03-17,869.63,747.8862010121669,0,0,1,14821.552591989908,121.74379898783309
559,2022-03-18,347.68,428.8944395629141,1,0,0,6595.785193518226,81.2144395629141
560,2022-03-18,921.5699999999999,833.8408127667428,0,1,0,7696.410292607882,87.72918723325711
561,2022-03-18,543.75,574.4922887138488,0,0,1,945.088315365634,30.74228871384878
562,2022-03-19,1103.13,907.8349133094036,0,1,0,38140.17088548759,195.29508669059646
563,2022-03-19,533.62,511.7210148051673,0,0,1,479.5655525635032,21.898985194832733
564,2022-03-20,335.63,217.71389952243823,1,0,0,13904.206751834443,117.91610047756177
565,2022-03-20,863.87,980.6293997972979,0,1,0,13632.757441025244,116.75939979729787
566,2022-03-20,513.25,552.4586246020264,0,0,1,1537.3162431826267,39.20862460202636
567,2022-03-21,345.94,395.21512517790217,1,0,0,2428.037961297928,49.27512517790217
568,2022-03-21,1130.94,1085.6507672052703,0,1,0,2051.114607135224,45.28923279472974
569,2022-03-21,867.3100000000001,689.5095119301184,0,0,1,31613.013557888138,177.80048806988168
570,2022-03-22,317.5,348.9354693483163,1,0,0,988.1887331489338,31.435469348316303
571,2022-03-22,922.62,721.0774304636884,0,1,0,40619.407335298994,201.5425695363116
572,2022-03-22,792.94,576.6016991655994,0,0,1,46802.26040791565,216.33830083440068
573,2022-03-23,332.88,299.9853999875616,1,0,0,1082.0547099783116,32.89460001243839
574,2022-03-23,691.06,461.09533818601597,0,0,1,52883.74568322002,229.96466181398398
575,2022-03-24,311.56,285.987529933586,1,0,0,653.9512252976392,25.572470066413985
576,2022-03-24,978.38,850.4367826257525,0,1,0,16369.466872073954,127.94321737424752
577,2022-03-24,742.94,644.8347011471818,0,0,1,9624.649663000779,98.10529885281824
578,2022-03-25,313.43,357.09797177626604,1,0,0,1906.8917590527665,43.66797177626603
579,2022-03-25,1029.38,1179.3664650892172,0,1,0,22495.93970995893,149.98646508921706
580,2022-03-25,612.81,757.2592436201692,0,0,1,20865.583982439,144.44924362016923
581,2022-03-26,1188.88,936.2855151547963,0,1,0,63803.97377421392,252.59448484520385
582,2022-03-26,543.75,460.89879253540096,0,0,1,6864.322578342032,82.85120746459904
583,2022-03-27,312.25,154.14122671958884,1,0,0,24998.384188236458,158.10877328041116
584,2022-03-27,616.75,481.0703790972224,0,1,0,18408.959528321437,135.67962090277757
585,2022-03-27,366.87,351.20687538812564,0,0,1,245.3334726071045,15.663124611874366
586,2022-03-28,326.0,284.0791021329858,1,0,0,1757.3616779766373,41.92089786701422
587,2022-03-28,936.81,608.6033569495412,0,1,0,107719.60054245124,328.20664305045875
588,2022-03-28,770.6899999999999,542.8393593343344,0,0,1,51915.91445175424,227.85064066566554
589,2022-03-29,326.75,335.75991559784177,1,0,0,81.1785790802324,9.009915597841768
590,2022-03-29,775.31,1004.0570828639318,0,1,0,52325.2279187585,228.74708286393184
591,2022-03-29,729.69,674.0812336824358,0,0,1,3092.3348913614664,55.60876631756423
592,2022-03-30,323.56,400.32050545289667,1,0,0,5892.175197384179,76.76050545289667
593,2022-03-30,869.69,1102.0096687670873,0,1,0,53972.428496049135,232.31966876708725
594,2022-03-30,686.38,732.4421486611247,0,0,1,2121.721539279557,46.06214866112475
595,2022-03-31,339.12,389.7851554797956,1,0,0,2566.9579797918623,50.6651554797956
596,2022-03-31,870.44,969.1078337591815,0,1,0,9735.34141872947,98.66783375918146
597,2022-03-31,662.37,673.6970853687877,0,0,1,128.30286295180485,11.32708536878772
598,2022-04-01,304.5,303.8271762440855,1,0,0,0.45269180652292346,0.6728237559145214
599,2022-04-01,799.75,726.2854443788075,0,1,0,5397.040932619289,73.46455562119252
600,2022-04-01,501.19,520.3559239964958,0,0,1,367.33264263945324,19.165923996495792
601,2022-04-02,270.88,111.98741642288034,1,0,0,25246.853115811948,158.89258357711964
602,2022-04-02,321.56,367.3561408453049,0,1,0,2097.2865163230017,45.796140845304876
603,2022-04-02,270.69,307.70488096551236,0,0,1,1370.1014128910492,37.01488096551236
604,2022-04-03,260.93,98.91894427468142,1,0,0,26247.582177232285,162.01105572531858
605,2022-04-03,282.94,430.4632552872495,0,1,0,21763.110850546997,147.52325528724953
606,2022-04-03,270.88,363.52816190541915,0,0,1,8583.681904452762,92.64816190541916
607,2022-04-04,269.18,155.47001325647986,1,0,0,12929.961085211527,113.70998674352015
608,2022-04-04,319.07,686.7273661553144,0,1,0,135171.9388882629,367.6573661553144
609,2022-04-04,303.93,450.9934838897189,0,0,1,21627.668293781608,147.0634838897189
610,2022-04-05,274.32,183.48833820249388,1,0,0,8250.390784896532,90.83166179750611
611,2022-04-05,281.18,943.4446567483253,0,1,0,438594.4755779771,662.2646567483253
612,2022-04-05,289.38,500.61575796990047,0,0,1,44620.545445118376,211.23575796990048
613,2022-04-06,301.81,336.1526968126923,1,0,0,1179.4208243685046,34.34269681269228
614,2022-04-06,958.44,1101.21948420618,0,1,0,20385.981110182765,142.77948420617986
615,2022-04-06,647.62,652.0429745362871,0,0,1,19.562703748644466,4.422974536287143
616,2022-04-07,339.07,378.4260925589484,1,0,0,1548.902021508516,39.35609255894843
617,2022-04-07,792.6800000000001,942.6639349803706,0,1,0,22495.18075219603,149.98393498037058
618,2022-04-07,590.63,656.9785946306378,0,0,1,4402.136009460694,66.34859463063776
619,2022-04-08,323.25,391.30239424660965,1,0,0,4631.12836269599,68.05239424660965
620,2022-04-08,788.06,999.6970408156657,0,1,0,44790.23704521176,211.63704081566573
621,2022-04-08,534.06,706.2958223385288,0,0,1,29665.178496629258,172.2358223385288
622,2022-04-09,319.38,204.2004347235823,1,0,0,13266.332257264563,115.17956527641769
623,2022-04-09,673.19,1042.3802053550378,0,1,0,136301.40773009494,369.19020535503773
624,2022-04-09,385.68,566.7974680660727,0,0,1,32803.537238664874,181.11746806607272
625,2022-04-10,463.87,1151.3832641279869,0,1,0,472674.48835191905,687.5132641279869
626,2022-04-10,362.13,609.9094733715646,0,0,1,61394.66742428987,247.77947337156456
627,2022-04-11,301.44,423.2038599411964,1,0,0,14826.437587779297,121.76385994119642
628,2022-04-11,1164.25,1331.6560932855743,0,1,0,28024.80006913842,167.40609328557434
629,2022-04-11,733.4300000000001,804.726181583203,0,0,1,5083.145508345047,71.29618158320295
630,2022-04-12,311.13,422.95380586250707,1,0,0,12504.563557575671,111.82380586250707
631,2022-04-12,1280.0,1389.5247633131214,0,1,0,11995.673778795266,109.52476331312141
632,2022-04-12,872.87,820.2079470451044,0,0,1,2773.291821424224,52.66205295489556
633,2022-04-13,327.38,446.3691406634868,1,0,0,14158.41559583505,118.98914066348681
634,2022-04-13,1175.75,1328.0409042659674,0,1,0,23192.519522146034,152.29090426596736
635,2022-04-13,769.37,779.3087236354213,0,0,1,98.77822750128193,9.938723635421297
636,2022-04-14,317.69,420.6000223454119,1,0,0,10590.472699133177,102.9100223454119
637,2022-04-14,1158.19,917.9168788124477,0,1,0,57731.1727652082,240.2731211875523
638,2022-04-14,786.81,652.0717081959948,0,0,1,18154.40727826124,134.73829180400514
639,2022-04-15,343.31,347.51614074195,1,0,0,17.691619941091528,4.20614074194998
640,2022-04-15,619.5,577.4591522598446,0,0,1,1767.4328787109305,42.040847740155414
641,2022-04-16,378.43,167.61852773126412,1,0,0,44441.476840112,210.81147226873588
642,2022-04-16,880.44,673.63357216856,0,1,0,42768.89859240061,206.80642783144003
643,2022-04-16,444.63,426.1442784536492,0,0,1,341.7219010892188,18.485721546350817
644,2022-04-17,346.93,150.0107675965636,1,0,0,38777.1840903586,196.9192324034364
645,2022-04-17,473.88,599.2165575589727,0,1,0,15709.252660733673,125.33655755897269
646,2022-04-17,375.94,441.6879897312121,0,0,1,4322.798153695572,65.7479897312121
647,2022-04-18,362.62,365.544712708111,1,0,0,8.553944424985826,2.924712708110974
648,2022-04-18,961.69,859.5185989477613,0,1,0,10438.995192977405,102.1714010522387
649,2022-04-18,544.31,585.659608302149,0,0,1,1709.7901067411512,41.34960830214902
650,2022-04-19,358.94,316.1490881102548,1,0,0,1831.0621403559362,42.79091188974519
651,2022-04-19,604.19,668.2181189515308,0,1,0,4099.600016471365,64.0281189515307
652,2022-04-19,493.68,534.8574249175589,0,0,1,1695.580322841199,41.17742491755888
653,2022-04-20,335.75,310.8520997093874,1,0,0,619.9054388812868,24.897900290612597
654,2022-04-20,651.13,837.7798453329038,0,1,0,34838.16476279693,186.64984533290385
655,2022-04-20,521.75,631.7248438514548,0,0,1,12094.466280151868,109.9748438514548
656,2022-04-21,331.69,356.9423010330493,1,0,0,637.6787074637438,25.25230103304932
657,2022-04-21,787.4300000000001,998.9345909251252,0,1,0,44734.19198240454,211.50459092512517
658,2022-04-21,679.75,718.3489139791633,0,0,1,1489.876160370847,38.598913979163285
659,2022-04-22,323.25,373.75967256661323,1,0,0,2551.2270227864815,50.50967256661323
660,2022-04-22,859.0,1346.146140347601,0,1,0,237311.36205556456,487.146140347601
661,2022-04-22,558.82,826.0097065401682,0,0,1,71390.33928102115,267.1897065401681
662,2022-04-23,333.25,253.1796142026071,1,0,0,6411.266681743339,80.0703857973929
663,2022-04-23,930.4300000000001,1098.29756130995,0,1,0,28179.51814014979,167.8675613099499
664,2022-04-23,522.8199999999999,628.0483731165762,0,0,1,11073.010508761381,105.22837311657622
665,2022-04-24,330.56,253.50739663766953,1,0,0,5937.103684912621,77.05260336233047
666,2022-04-24,606.44,1102.6761717142472,0,1,0,246250.33811761174,496.2361717142471
667,2022-04-24,428.37,603.2064515010521,0,0,1,30567.78477347975,174.83645150105212
668,2022-04-25,356.94,444.29000174010514,1,0,0,7630.022803996371,87.35000174010514
669,2022-04-25,1070.06,1339.2106593009019,0,1,0,72442.07740211017,269.1506593009019
670,2022-04-25,838.56,801.402387451637,0,0,1,1380.6881702942617,37.15761254836298
671,2022-04-26,340.88,448.37274501812726,1,0,0,11554.690231532124,107.49274501812727
672,2022-04-26,1164.25,1446.6607879257156,0,1,0,79755.8531368235,282.41078792571557
673,2022-04-26,759.94,767.1367197404599,0,0,1,51.792775022723745,7.196719740459798
674,2022-04-27,352.75,465.7361205740073,1,0,0,12765.86344236412,112.98612057400732
675,2022-04-27,1148.93,1392.8479339162175,0,1,0,59495.9584859562,243.9179339162174
676,2022-04-27,779.5699999999999,783.939613947646,0,0,1,19.093526051462725,4.36961394764603
677,2022-04-28,358.0,454.0132376094218,1,0,0,9218.541796243293,96.01323760942182
678,2022-04-28,1468.5,1335.3116523704045,0,1,0,17739.135944301965,133.18834762959546
679,2022-04-28,892.9300000000001,816.4189754388124,0,0,1,5853.936879402667,76.5110245611877
680,2022-04-29,340.19,446.58069196414067,1,0,0,11318.979336608667,106.39069196414067
681,2022-04-29,1266.38,1325.6224999126391,0,1,0,3509.6737958990325,59.242499912639005
682,2022-04-29,742.18,665.1165367888566,0,0,1,5938.777362095246,77.06346321114336
683,2022-04-30,348.19,208.3558471041773,1,0,0,19553.590316092323,139.8341528958227
684,2022-04-30,949.0,754.3936431008104,0,1,0,37871.634145574746,194.60635689918956
685,2022-04-30,459.56,482.4026847832565,0,0,1,521.7882481072188,22.842684783256516
686,2022-05-01,336.44,174.15395557031331,1,0,0,26336.76021663424,162.28604442968668
687,2022-05-01,449.13,599.3978090053074,0,1,0,22580.414423255548,150.2678090053074
688,2022-05-01,363.18,409.3896703386483,0,0,1,2135.3336328065493,46.209670338648266
689,2022-05-02,350.32,288.44828698407474,1,0,0,3828.1088715250144,61.87171301592525
690,2022-05-02,564.81,606.7091763716072,0,1,0,1755.5409806190528,41.89917637160727
691,2022-05-02,436.12,504.00791554146457,0,0,1,4608.769076565026,67.88791554146457
692,2022-05-03,324.0,325.12760983417314,1,0,0,1.2715039381239823,1.1276098341731426
693,2022-05-03,793.0699999999999,850.9475743238011,0,1,0,3349.8136096071235,57.87757432380113
694,2022-05-03,545.0600000000001,657.0229306744659,0,0,1,12535.697845215243,111.96293067446584
695,2022-05-04,317.37,374.49202464327277,1,0,0,3262.925699346661,57.122024643272766
696,2022-05-04,701.25,1047.9173015908254,0,1,0,120178.21799226433,346.66730159082545
697,2022-05-04,573.38,715.2495781055641,0,0,1,20126.977191850747,141.86957810556407
698,2022-05-05,341.5,429.85460638400673,1,0,0,7806.536469272763,88.35460638400673
699,2022-05-05,889.44,1146.2840437088485,0,1,0,65968.86278871282,256.8440437088484
700,2022-05-05,620.1800000000001,741.3557171682836,0,0,1,14683.554431247847,121.17571716828354
701,2022-05-06,344.32,419.85173766974435,1,0,0,5705.0433954110795,75.53173766974436
702,2022-05-06,1223.62,1189.6723906796767,0,1,0,1152.4401785652933,33.94760932032318
703,2022-05-06,583.25,749.3055349721578,0,0,1,27574.44069488953,166.05553497215783
704,2022-05-07,347.19,246.051885160112,1,0,0,10228.918273366375,101.138114839888
705,2022-05-07,1251.06,1066.0043924002491,0,1,0,34245.57790411296,185.05560759975083
706,2022-05-07,638.56,572.8003199185614,0,0,1,4324.335524413145,65.75968008143855
707,2022-05-08,354.57,245.9190013990633,1,0,0,11805.03949698075,108.6509986009367
708,2022-05-08,591.1800000000001,1009.9927212271298,0,1,0,175404.09546167348,418.8127212271297
709,2022-05-08,417.94,583.5731592385329,0,0,1,27434.343439337186,165.63315923853287
710,2022-05-09,346.0,445.529461069727,1,0,0,9906.113620830303,99.529461069727
711,2022-05-09,741.06,1161.0931820241376,0,1,0,176427.87400132237,420.03318202413766
712,2022-05-09,540.13,756.0389312256979,0,0,1,46616.666583023136,215.90893122569787
713,2022-05-10,340.12,446.21625371711514,1,0,0,11256.415052806467,106.09625371711513
714,2022-05-10,797.8199999999999,1291.8283675752343,0,1,0,244044.26723434788,494.0083675752344
715,2022-05-10,593.12,754.4584749018592,0,0,1,26030.103483657844,161.33847490185917
716,2022-05-11,337.19,428.5864917841471,1,0,0,8353.318710449666,91.39649178414709
717,2022-05-11,673.44,1117.7129532418287,0,1,0,197378.45698221607,444.27295324182865
718,2022-05-11,547.31,791.8143463605868,0,0,1,59782.37538921782,244.50434636058685
719,2022-05-12,341.69,435.1442177247952,1,0,0,8733.690810553431,93.45421772479523
720,2022-05-12,887.31,1281.4094425886103,0,1,0,155314.3706486534,394.0994425886104
721,2022-05-12,579.94,740.9461712195778,0,0,1,25922.987170787972,161.0061712195777
722,2022-05-13,345.68,430.99701426718815,1,0,0,7278.992923467585,85.31701426718814
723,2022-05-13,805.38,1275.775406666021,0,1,0,221271.83861249118,470.3954066660209
724,2022-05-13,500.75,766.185409666648,0,0,1,70455.95670490123,265.43540966664796
725,2022-05-14,328.94,347.46678216396765,1,0,0,343.24165735110995,18.526782163967653
726,2022-05-14,491.12,869.1421549238244,0,1,0,142900.74961325186,378.02215492382436
727,2022-05-14,375.56,656.0784876530279,0,0,1,78690.62191514195,280.5184876530279
728,2022-05-15,338.13,417.80883566870386,1,0,0,6348.716853520315,79.67883566870387
729,2022-05-15,460.06,879.5884244267414,0,1,0,176004.09890198408,419.5284244267414
730,2022-05-15,357.13,755.7086664291015,0,0,1,158864.953332401,398.57866642910153
731,2022-05-16,335.31,701.5508610613482,1,0,0,134132.36831095777,366.2408610613482
732,2022-05-16,595.94,1049.107892003403,0,1,0,205361.13834280797,453.16789200340304
733,2022-05-16,433.75,933.1932167300303,0,0,1,249443.52673763997,499.44321673003026
734,2022-05-17,330.43,693.6928995052737,1,0,0,131959.93415697853,363.26289950527365
735,2022-05-17,692.75,1046.5028354597657,0,1,0,125141.06859582408,353.7528354597657
736,2022-05-17,480.94,832.0141718496045,0,0,1,123253.07413988563,351.0741718496045
737,2022-05-18,339.88,539.3040077830331,1,0,0,39769.93488024723,199.42400778303306
738,2022-05-18,624.4300000000001,1043.9408632587865,0,1,0,175989.36439213224,419.51086325878646
739,2022-05-18,434.38,734.0267162123688,0,0,1,89788.15453685589,299.6467162123688
740,2022-05-19,345.56,434.8313029785977,1,0,0,7969.365535496587,89.2713029785977
741,2022-05-19,754.13,1043.8906421744555,0,1,0,83961.22975335283,289.7606421744555
742,2022-05-19,491.56,747.3869885142316,0,0,1,65447.44805226077,255.82698851423157
743,2022-05-20,331.0,470.7867722712575,1,0,0,19540.34170201641,139.78677227125752
744,2022-05-20,1147.56,1043.8140728059345,0,1,0,10763.217409356323,103.74592719406542
745,2022-05-20,486.38,754.7670571028906,0,0,1,72031.61242035025,268.3870571028906
746,2022-05-21,335.5,276.7608007690487,1,0,0,3450.2935262933865,58.73919923095127
747,2022-05-21,846.25,853.0319154064252,0,1,0,45.99437657990805,6.781915406425242
748,2022-05-21,423.87,578.3804441769505,0,0,1,23873.477359758537,154.5104441769505
749,2022-05-22,325.63,305.5399798765324,1,0,0,403.6089085613324,20.090020123467582
750,2022-05-22,463.06,856.5770660070875,0,1,0,154855.68123882648,393.5170660070875
751,2022-05-22,365.56,599.6618231948798,0,0,1,54803.66362316678,234.10182319487984
752,2022-05-23,353.44,503.3546166134383,1,0,0,22474.392274354184,149.91461661343828
753,2022-05-23,659.94,1045.1047793452851,0,1,0,148351.90724810213,385.16477934528507
754,2022-05-23,466.25,792.3116227310137,0,0,1,106316.18181798191,326.0616227310137
755,2022-05-24,325.0,507.49577039609085,1,0,0,33304.70621246271,182.49577039609085
756,2022-05-24,801.56,1044.8999051637938,0,1,0,59214.30944512421,243.3399051637939
757,2022-05-24,516.3100000000001,791.8624718978268,0,0,1,75929.16476900261,275.55247189782676
758,2022-05-25,331.5,505.8442454620789,1,0,0,30395.91592574162,174.3442454620789
759,2022-05-25,673.81,1045.1250630429824,0,1,0,137874.87604261408,371.3150630429825
760,2022-05-25,452.25,784.1677965667153,0,0,1,110169.42367770341,331.9177965667153
761,2022-05-26,349.5,488.9215769188789,1,0,0,19438.376110546862,139.42157691887888
762,2022-05-26,947.0699999999999,1043.4487921240486,0,1,0,9288.871571290589,96.37879212404869
763,2022-05-26,511.37,813.3281070360383,0,0,1,91178.69840478757,301.9581070360383
764,2022-05-27,384.94,538.6224362817303,1,0,0,23618.291221488096,153.6824362817303
765,2022-05-27,881.44,1045.5105220771543,0,1,0,26919.136214669958,164.07052207715424
766,2022-05-27,469.31,788.1091813312801,0,0,1,101632.91801749439,318.79918133128007
767,2022-05-28,353.37,301.1396769732073,1,0,0,2728.0066434831106,52.23032302679269
768,2022-05-28,593.13,842.9800193805892,0,1,0,62425.032184480784,249.85001938058917
769,2022-05-28,435.87,486.0146922886911,0,0,1,2514.4901647275155,50.14469228869109
770,2022-05-29,379.94,239.98591348403852,1,0,0,19587.14633251723,139.95408651596148
771,2022-05-29,550.38,821.7842564680194,0,1,0,73660.27042895845,271.4042564680194
772,2022-05-29,441.0,428.4181087603293,0,0,1,158.30398716690257,12.58189123967071
773,2022-05-30,392.81,382.84551837999715,1,0,0,99.29089395537477,9.964481620002857
774,2022-05-30,1145.81,1038.9325471961035,0,1,0,11422.789917849102,106.8774528038964
775,2022-05-30,892.0,641.0344072060918,0,0,1,62983.72876639773,250.96559279390817
776,2022-05-31,329.13,374.0642391498155,1,0,0,2019.0858479728104,44.93423914981548
777,2022-05-31,877.81,1042.2325553884637,0,1,0,27034.776720472415,164.4225553884637
778,2022-05-31,544.12,724.0040130058388,0,0,1,32358.25813508479,179.88401300583882
779,2022-06-01,358.82,366.73752740039686,1,0,0,62.68724013603512,7.917527400396864
780,2022-06-01,1021.31,1040.4211191677364,0,1,0,365.2348758434229,19.111119167736433
781,2022-06-01,540.94,692.7462390526472,0,0,1,23045.134215309445,151.80623905264713
782,2022-06-02,359.68,353.8200450098698,1,0,0,34.33907248635223,5.859954990130234
783,2022-06-02,1030.5,1038.4985877499382,0,1,0,63.97740599346182,7.998587749938224
784,2022-06-02,506.75,659.3854078904656,0,0,1,23297.567741888797,152.63540789046556
785,2022-06-03,336.13,177.83851765280423,1,0,0,25056.193383672588,158.29148234719577
786,2022-06-03,383.87,822.6719945941426,0,1,0,192547.19045979792,438.80199459414257
787,2022-06-03,368.5,492.0654919584282,0,0,1,15268.430802928384,123.5654919584282
788,2022-06-04,340.69,189.22775089127802,1,0,0,22940.81290507255,151.46224910872198
789,2022-06-04,420.69,828.4492006792553,0,1,0,166267.56573858522,407.75920067925534
790,2022-06-04,371.31,457.40135778425486,0,0,1,7411.721885136579,86.09135778425485
791,2022-06-05,346.25,198.57801440625747,1,0,0,21807.0153291985,147.67198559374253
792,2022-06-05,393.31,814.290785169699,0,1,0,177224.82148209627,420.980785169699
793,2022-06-05,398.5,351.63108214907805,0,0,1,2196.6954605164697,46.868917850921946
794,2022-06-06,384.19,341.76181224314837,1,0,0,1800.1511163306543,42.42818775685163
795,2022-06-06,1274.19,1039.4117331938403,0,1,0,55120.83456450434,234.77826680615976
796,2022-06-06,687.75,725.8935360804552,0,0,1,1454.929344720987,38.14353608045519
797,2022-06-07,359.5,441.64297998140574,1,0,0,6747.469160225625,82.14297998140574
798,2022-06-07,851.69,1044.761951044223,0,1,0,37276.77828002282,193.07195104422294
799,2022-06-07,457.68,831.9857559472529,0,0,1,140104.7989352444,374.30575594725286
800,2022-06-08,348.44,526.6627475912028,1,0,0,31763.34775895758,178.2227475912028
801,2022-06-08,944.5,1045.2434179731545,0,1,0,10149.236264913701,100.74341797315446
802,2022-06-08,797.56,810.1514780675611,0,0,1,158.5453199258743,12.591478067561184
803,2022-06-09,340.57,515.7297367378833,1,0,0,30680.933374084583,175.1597367378833
804,2022-06-09,1079.93,1041.7984044190555,0,1,0,1454.018581548712,38.13159558094458
805,2022-06-09,679.63,710.1431745065432,0,0,1,931.0538184667602,30.513174506543237
806,2022-06-10,352.56,450.78665637394687,1,0,0,9648.476022405437,98.22665637394687
807,2022-06-10,1292.44,1040.857755236366,0,1,0,63293.62588030904,251.58224476363398
808,2022-06-10,674.5,679.8346906441982,0,0,1,28.4589242692957,5.33469064419819
809,2022-06-11,349.0,215.4693212047518,1,0,0,17830.44217951975,133.5306787952482
810,2022-06-11,1525.62,831.5068478051005,0,1,0,481793.0680499396,694.1131521948994
811,2022-06-11,574.3199999999999,582.0420038727457,0,0,1,59.629343810700284,7.722003872745745
812,2022-06-12,406.62,306.238936378505,1,0,0,10076.357933782627,100.381063621495
813,2022-06-12,1075.13,851.2996438338766,0,1,0,50100.02834145368,223.83035616612347
814,2022-06-12,494.37,531.1150181968209,0,0,1,1350.1963622846965,36.745018196820865
815,2022-06-13,394.69,440.16330569124835,1,0,0,2067.8215304897203,45.473305691248356
816,2022-06-13,1022.12,1037.9861123087414,0,1,0,251.73351979359649,15.866112308741435
817,2022-06-13,580.75,615.5910102821641,0,0,1,1213.895997481866,34.84101028216412
818,2022-06-14,365.32,378.47190931003826,1,0,0,172.97271849947114,13.151909310038263
819,2022-06-14,1124.93,1037.7760502649312,0,1,0,7595.81095442291,87.15394973506886
820,2022-06-15,401.18,362.8964366023456,1,0,0,1465.631226422224,38.283563397654405
821,2022-06-15,984.0699999999999,1039.7299574591157,0,1,0,3098.0308643505728,55.65995745911573
822,2022-06-15,635.12,691.9535185200496,0,0,1,3230.048827368815,56.83351852004955
823,2022-06-16,356.81,418.9384369472677,1,0,0,3859.9426775106167,62.12843694726769
824,2022-06-16,1148.57,1041.8858597950386,0,1,0,11381.505771271839,106.6841402049613
825,2022-06-16,692.81,726.3362707412984,0,0,1,1124.0108298188482,33.526270741298504
826,2022-06-17,372.56,412.34925661051625,1,0,0,1583.184941617511,39.78925661051625
827,2022-06-17,1216.06,1042.1470605174643,0,1,0,30245.710519456108,173.91293948253565
828,2022-06-17,592.5,727.3749114757958,0,0,1,18191.24174560375,134.87491147579578
829,2022-06-18,364.38,225.22361767665387,1,0,0,19364.498741321277,139.15638232334612
830,2022-06-18,966.25,847.710631134287,0,1,0,14051.58197108156,118.53936886571296
831,2022-06-18,670.81,539.9799800181236,0,0,1,17116.494128458173,130.83001998187638
832,2022-06-19,1628.06,847.6853896017194,0,1,0,608984.5325542681,780.3746103982805
833,2022-06-19,643.62,540.2826640692851,0,0,1,10678.604997257411,103.33733593071486
834,2022-06-20,385.88,225.52287422544347,1,0,0,25714.40778667694,160.35712577455652
835,2022-06-20,1466.12,847.6475273028682,0,1,0,382508.19948410435,618.4724726971317
836,2022-06-20,664.32,540.1849553514035,0,0,1,15409.509309909068,124.13504464859659
837,2022-06-21,368.5,225.2844393614004,1,0,0,20510.696809028403,143.2155606385996
838,2022-06-21,1408.75,847.609665004017,0,1,0,314878.47555940406,561.140334995983
839,2022-06-21,572.93,539.9987067259149,0,0,1,1084.4700767038012,32.93129327408508
840,2022-06-22,359.57,225.41058114900426,1,0,0,17998.74966643691,134.15941885099573
841,2022-06-22,1145.68,847.571802705166,0,1,0,88868.49729437573,298.1081972948341
842,2022-06-22,663.8199999999999,540.0821768930437,0,0,1,15311.048867248404,123.73782310695628
843,2022-06-23,1950.82,847.5465611725983,0,1,0,1217212.2808220403,1103.2734388274016
844,2022-06-23,848.75,540.056935360476,0,0,1,95291.40815654134,308.693064639524
845,2022-06-24,397.81,225.34747731758563,1,0,0,29743.321729982294,172.46252268241437
846,2022-06-24,1471.81,847.5086988737471,0,1,0,389752.11458793224,624.3013011262528
847,2022-06-24,678.5,540.019073061625,0,0,1,19176.967125711548,138.48092693837498
848,2022-06-25,392.88,225.30961501873463,1,0,0,28079.833922769485,167.57038498126536
849,2022-06-25,1307.87,847.4708365748961,0,1,0,211967.38968253543,460.3991634251038
850,2022-06-25,604.19,539.9812107627736,0,0,1,4122.7686153105715,64.20878923722648
851,2022-06-26,416.25,160.34790640625937,1,0,0,65485.88150565959,255.90209359374063
852,2022-06-26,1075.94,838.1375454026661,0,1,0,56550.00741251708,237.80245459733396
853,2022-06-26,579.62,491.91179910197246,0,0,1,7692.728504768759,87.70820089802754
854,2022-06-27,373.25,160.31004410740815,1,0,0,45343.424815538965,212.93995589259185
855,2022-06-27,1519.75,838.0996831038149,0,1,0,464647.15452466963,681.6503168961851
856,2022-06-27,530.0,491.87393680312124,0,0,1,1453.596694892393,38.12606319687876
857,2022-06-28,372.69,160.27218180855715,1,0,0,45121.32948521287,212.41781819144285
858,2022-06-28,1383.5,838.0618208049639,0,1,0,297502.8073235963,545.4381791950361
859,2022-06-28,565.62,491.83607450427,0,0,1,5444.067661559434,73.78392549572999
860,2022-06-29,358.82,160.2343195097057,1,0,0,39436.27249579325,198.5856804902943
861,2022-06-29,1224.0,838.0239585061126,0,1,0,148977.50460729105,385.97604149388735
862,2022-06-29,618.31,491.7982122054188,0,0,1,16005.232450981133,126.51178779458115
863,2022-06-30,381.06,159.4714650702625,1,0,0,49101.4788123075,221.5885349297375
864,2022-06-30,1509.81,837.9860962072614,0,1,0,451347.3577073148,671.8239037927385
865,2022-06-30,754.38,491.2239908064048,0,0,1,69251.08517469956,263.1560091935952
866,2022-07-01,362.44,159.85912688761863,1,0,0,41039.01015097476,202.58087311238137
867,2022-07-01,2094.0,836.9235320248197,0,1,0,1580241.2463369546,1257.0764679751803
868,2022-07-01,683.87,491.5009370679336,0,0,1,37005.85637336133,192.3690629320664
869,2022-07-02,359.94,160.37754871985155,1,0,0,39825.171960941625,199.56245128014845
870,2022-07-02,1191.31,836.8856697259685,0,1,0,125616.60589019576,354.4243302740315
871,2022-07-02,643.9399999999999,491.8746213766625,0,0,1,23123.87937585897,152.06537862333744
872,2022-07-03,384.62,161.00710341735595,1,0,0,50002.72751808027,223.61289658264405
873,2022-07-03,1214.19,834.7740611849435,0,1,0,143956.4546269107,379.4159388150565
874,2022-07-03,583.6899999999999,492.3305232989053,0,0,1,8346.553983097856,91.35947670109465
875,2022-07-04,370.94,148.32874241815844,1,0,0,49555.77200216901,222.61125758184156
876,2022-07-04,1481.5,832.0959804467113,0,1,0,421725.5806119681,649.4040195532887
877,2022-07-04,605.62,482.9410471977468,0,0,1,15050.12546065747,122.6789528022532
878,2022-07-05,393.19,140.19686410635273,1,0,0,64005.526809301475,252.99313589364726
879,2022-07-05,1132.25,832.3533724591231,0,1,0,89937.98721039145,299.8966275408769
880,2022-07-05,546.81,495.42869081994843,0,0,1,2640.038933056046,51.38130918005152
881,2022-07-06,414.19,172.31849241296374,1,0,0,58501.82618242574,241.87150758703626
882,2022-07-06,1197.81,818.8544488743343,0,1,0,143607.309728957,378.9555511256657
883,2022-07-06,663.56,415.0425342492911,0,0,1,61760.930783154734,248.51746575070882
884,2022-07-07,421.5,119.17260596238441,1,0,0,91401.85318557569,302.3273940376156
885,2022-07-07,1224.32,827.1325830314119,0,1,0,157757.84419817905,397.1874169685881
886,2022-07-07,752.62,461.48715696653755,0,0,1,84758.33229274668,291.13284303346245
887,2022-07-08,413.31,167.06555773473556,1,0,0,60636.32534653115,246.24444226526444
888,2022-07-08,1191.07,814.9091253867433,0,1,0,141497.00358981016,376.1608746132566
889,2022-07-08,747.56,379.6827178385601,0,0,1,135333.69473048762,367.87728216143984
890,2022-07-09,410.55999999999995,123.67742609723459,1,0,0,82301.6112090756,286.88257390276533
891,2022-07-09,992.19,813.4426820653539,0,1,0,31950.603668829477,178.74731793464616
892,2022-07-09,504.19,349.0935644389777,0,0,1,24054.904323734343,155.0964355610223
893,2022-07-10,381.93,66.00929412211387,1,0,0,99805.89240238183,315.9207058778861
894,2022-07-10,606.56,349.19936299994305,0,0,1,66234.49747707506,257.3606370000569
895,2022-07-11,1480.19,809.0507087882991,0,1,0,450427.9482081444,671.139291211701
896,2022-07-11,612.31,340.85839712912286,0,0,1,73685.97270116836,271.4516028708771
897,2022-07-12,421.63,67.22486550724905,1,0,0,125602.99935482489,354.40513449275096
898,2022-07-12,1344.68,816.9895877688044,0,1,0,278457.1711607292,527.6904122311956
899,2022-07-12,692.0,389.126082158329,0,0,1,91732.61010876329,302.873917841671
900,2022-07-13,417.75,98.79989900832149,1,0,0,101729.1669226019,318.9501009916785
901,2022-07-13,1701.38,817.7971907310398,0,1,0,780718.5808356279,883.5828092689603
902,2022-07-13,698.19,383.7321445325697,0,0,1,98883.74286517533,314.45785546743036
903,2022-07-14,394.06,125.04701597104433,1,0,0,72367.98557616315,269.01298402895566
904,2022-07-14,1335.94,814.3933382045855,0,1,0,272010.92042994057,521.5466617954146
905,2022-07-14,789.81,342.1531562498088,0,0,1,200396.64975638306,447.6568437501912
906,2022-07-15,400.5,99.66041761969036,1,0,0,90504.45432675912,300.83958238030965
907,2022-07-15,2093.62,812.3302019973056,0,1,0,1641703.5464657848,1281.2897980026942
908,2022-07-15,743.63,350.84700933403496,0,0,1,154278.47775649957,392.78299066596503
909,2022-07-16,414.69,124.217759084224,1,0,0,84374.12274263262,290.472240915776
910,2022-07-16,1260.37,804.0902721955298,0,1,0,208191.19000532132,456.2797278044701
911,2022-07-16,605.25,307.1274944459425,0,0,1,88877.02831782906,298.1225055540575
912,2022-07-17,354.06,76.9999104008546,1,0,0,76762.29324868647,277.0600895991454
913,2022-07-17,763.3199999999999,808.1531851734964,0,1,0,2010.014492801019,44.83318517349642
914,2022-07-17,527.37,339.85259216368155,0,0,1,35162.77824165219,187.51740783631845
915,2022-07-18,386.94,71.12882167565752,1,0,0,99736.70035460962,315.81117832434245
916,2022-07-18,1530.06,812.2288884774223,0,1,0,515281.50466973934,717.8311115225777
917,2022-07-18,622.0,420.04339336760313,0,0,1,40786.47096247269,201.95660663239687
918,2022-07-19,379.31,108.2789423263649,1,0,0,73457.83422368934,271.03105767363513
919,2022-07-19,1368.69,822.399190438877,0,1,0,298433.64861094725,546.2908095611231
920,2022-07-19,538.0,485.85522831075707,0,0,1,2719.077214523271,52.14477168924293
921,2022-07-20,392.13,152.02679035796083,1,0,0,57649.55128040901,240.10320964203916
922,2022-07-20,1805.81,817.6757677695028,0,1,0,976409.2609057539,988.1342322304971
923,2022-07-20,611.56,476.9806248883061,0,0,1,18111.608205453995,134.57937511169382
924,2022-07-21,405.69,190.02014594516447,1,0,0,46513.48594803405,215.66985405483553
925,2022-07-21,1808.0,806.2474935792034,0,1,0,1003508.0841203482,1001.7525064207966
926,2022-07-21,829.81,333.6156088256963,0,0,1,246208.87383283785,496.19439117430363
927,2022-07-22,427.69,89.76248919366769,1,0,0,114195.00255976383,337.9275108063323
928,2022-07-22,1950.25,802.3987144726684,0,1,0,1317562.5736867478,1147.8512855273316
929,2022-07-22,807.56,322.34469561004306,0,0,1,235433.8916142385,485.2153043899569
930,2022-07-23,407.31,58.767747440713194,1,0,0,121481.70181910167,348.5422525592868
931,2022-07-23,1613.13,802.4015744371716,0,1,0,657280.5800155828,810.7284255628285
932,2022-07-23,659.37,284.4749358425361,0,0,1,140546.30912962896,374.8950641574639
933,2022-07-24,409.07,71.38922759903801,1,0,0,114028.30404931029,337.680772400962
934,2022-07-24,1331.68,803.1635315932061,0,1,0,279329.6573771896,528.5164684067939
935,2022-07-24,563.5,323.87668349879465,0,0,1,57419.333811036835,239.62331650120535
936,2022-07-25,422.13,59.7361496380413,1,0,0,131329.30278016572,362.3938503619587
937,2022-07-25,1523.62,808.1543863709461,0,1,0,511891.0442855985,715.4656136290538
938,2022-07-25,675.3199999999999,366.83218289637966,0,0,1,95164.73330135667,308.4878171036203
939,2022-07-26,378.0,94.32696510818239,1,0,0,80470.39072473437,283.6730348918176
940,2022-07-26,1828.87,817.3842701714198,0,1,0,1023103.3816468554,1011.4857298285801
941,2022-07-26,607.63,388.361372985506,0,0,1,48078.730792821276,219.26862701449397
942,2022-07-27,408.37,110.79619299526594,1,0,0,88550.17061529073,297.5738070047341
943,2022-07-27,1690.0,812.5770475319733,0,1,0,769871.037517709,877.4229524680267
944,2022-07-27,664.94,373.2421359751907,0,0,1,85087.64387663617,291.69786402480935
945,2022-07-28,374.81,127.00803288409273,1,0,0,61405.81490651319,247.80196711590727
946,2022-07-28,1779.38,814.3803487160375,0,1,0,931224.3269781695,964.9996512839626
947,2022-07-28,751.68,393.45808141422503,0,0,1,128322.94295527355,358.2219185857749
948,2022-07-29,424.88,122.95428673853216,1,0,0,91159.13632844608,301.9257132614678
949,2022-07-29,1779.25,814.9154496631286,0,1,0,929941.124973416,964.3345503368714
950,2022-07-29,637.62,396.8403450913562,0,0,1,57974.8422179256,240.7796549086438
951,2022-07-30,380.13,173.12827015217852,1,0,0,42849.716159990465,207.00172984782148
952,2022-07-30,1640.62,815.8379290613751,0,1,0,680265.4645418066,824.7820709386248
953,2022-07-30,618.0,390.9540094348173,0,0,1,51549.88183172503,227.0459905651827
954,2022-07-31,379.5,102.73280761043242,1,0,0,76600.07878320392,276.7671923895676
955,2022-07-31,1380.44,810.1231297790214,0,1,0,325261.3324586526,570.3168702209787
956,2022-07-31,567.94,353.0362092640914,0,0,1,46183.639272663226,214.90379073590867
957,2022-08-01,378.81,89.7902621305806,1,0,0,83532.40887810789,289.0197378694194
958,2022-08-01,1287.56,828.9716595660129,0,1,0,210303.26598199838,458.588340433987
959,2022-08-01,567.0699999999999,440.68133905147283,0,0,1,15974.09361636174,126.3886609485271
960,2022-08-02,362.12,112.98407891960397,1,0,0,62068.70717257732,249.13592108039603
961,2022-08-02,1171.44,845.7914468816036,0,1,0,106046.98014810505,325.6485531183964
962,2022-08-02,517.62,490.08067819836646,0,0,1,758.4142452939288,27.539321801633548
963,2022-08-03,354.57,209.47437900733053,1,0,0,21052.739231248386,145.09562099266947
964,2022-08-03,1571.5,819.5609480846465,0,1,0,565412.3377953607,751.9390519153535
965,2022-08-04,1612.69,820.0727473584802,0,1,0,628242.1091849909,792.6172526415198
966,2022-08-04,716.75,467.59137592749374,0,0,1,62080.019949704496,249.15862407250626
967,2022-08-05,370.31,145.68392936859794,1,0,0,50456.87160730363,224.62607063140206
968,2022-08-05,1634.94,815.5425290342093,0,1,0,671412.2154251338,819.3974709657907
969,2022-08-05,588.18,395.1133430619776,0,0,1,37274.73402122401,193.06665693802233
970,2022-08-06,368.88,131.2430073214018,1,0,0,56471.34028932814,237.6369926785982
971,2022-08-06,1718.62,808.0017481322672,0,1,0,829225.6006346456,910.6182518677327
972,2022-08-06,529.3199999999999,382.4337701959988,0,0,1,21575.564506033825,146.88622980400112
973,2022-08-07,347.87,112.2045616485982,1,0,0,55538.198833358365,235.6654383514018
974,2022-08-07,801.06,811.0059322903717,0,1,0,98.92156912465903,9.94593229037173
975,2022-08-07,456.94,356.8232924600857,0,0,1,10023.355128632727,100.11670753991427
976,2022-08-08,374.94,97.84958585651222,1,0,0,76779.09761020959,277.0904141434878
977,2022-08-08,1212.56,810.2652357435292,0,1,0,161841.0773481694,402.2947642564708
978,2022-08-08,498.81,367.96524253837094,0,0,1,17120.350555192534,130.84475746162906
979,2022-08-09,341.32,101.8276074043701,1,0,0,57356.606111179324,239.4923925956299
980,2022-08-09,1674.75,811.6245206152822,0,1,0,744985.5931630989,863.1254793847178
981,2022-08-09,558.56,352.82499116507677,0,0,1,42326.89386030592,205.73500883492318
982,2022-08-10,357.56,83.3832727327971,1,0,0,75172.87777495418,274.1767272672029
983,2022-08-10,1333.06,816.7768625305696,0,1,0,266548.2780352787,516.2831374694304
984,2022-08-10,633.63,380.35656440038747,0,0,1,64147.43318043107,253.27343559961253
985,2022-08-11,337.87,94.46478231661243,1,0,0,59246.099995497294,243.40521768338758
986,2022-08-11,1560.38,815.3173229835572,0,1,0,555118.3926829082,745.0626770164429
987,2022-08-11,724.69,367.1948071737435,0,0,1,127802.81289388234,357.4951928262565
988,2022-08-12,1649.81,813.3823873981341,0,1,0,699611.1511228569,836.4276126018658
989,2022-08-12,562.94,453.83423763770304,0,0,1,11904.067380658027,109.10576236229701
990,2022-08-13,343.06,151.9393906559605,1,0,0,36527.08731603696,191.1206093440395
991,2022-08-13,758.25,812.8769497732222,0,1,0,2984.103641526145,54.626949773222236
992,2022-08-13,563.5,390.21337663703093,0,0,1,30028.253836539498,173.28662336296907
993,2022-08-14,385.81,100.02502632862401,1,0,0,81673.05117634908,285.784973671376
994,2022-08-14,1086.75,814.8792725652268,0,1,0,73913.69243591276,271.87072743477324
995,2022-08-14,581.38,358.120443270465,0,0,1,49844.82967106846,223.259556729535
996,2022-08-15,366.62,100.82453713233404,1,0,0,70647.22808103678,265.79546286766595
997,2022-08-15,1634.44,816.7147344353756,0,1,0,668674.6099427356,817.7252655646245
998,2022-08-15,671.31,369.8481747721878,0,0,1,90879.23206968396,301.46182522781214
999,2022-08-16,353.56,320.9661591056006,1,0,0,1062.358464249424,32.59384089439942
1000,2022-08-16,1653.19,1266.8223167020542,0,1,0,149279.98669702178,386.36768329794586
1001,2022-08-16,705.38,687.9402048131515,0,0,1,304.14645615922507,17.439795186848528
1002,2022-08-17,383.68,311.9353531696015,1,0,0,5147.294348818608,71.7446468303985
1003,2022-08-17,1485.32,1345.9807948315088,0,1,0,19415.414096986875,139.33920516849116
1004,2022-08-17,610.0,683.249496702951,0,0,1,5365.488767235626,73.24949670295098
1005,2022-08-18,361.56,309.6236039901969,1,0,0,2697.389230487092,51.936396009803104
1006,2022-08-18,1560.44,1266.6589653037315,0,1,0,86307.29634721014,293.78103469626853
1007,2022-08-19,380.69,316.5304725960001,1,0,0,4116.444956704615,64.1595274039999
1008,2022-08-19,1220.5,1298.467339361671,0,1,0,6078.906007137983,77.96733936167107
1009,2022-08-19,514.0,719.3082899808834,0,0,1,42151.4939348745,205.3082899808834
1010,2022-08-20,360.5,324.49455760039734,1,0,0,1296.3918823911047,36.00544239960266
1011,2022-08-20,1444.31,1333.6139758157528,0,1,0,12253.60977019942,110.69602418424711
1012,2022-08-20,649.75,728.5841618078418,0,0,1,6214.825067944988,78.83416180784184
1013,2022-08-21,1172.0,1419.476939670573,0,1,0,61244.83566871246,247.47693967057307
1014,2022-08-21,586.88,750.3480436525512,0,0,1,26721.801295592373,163.46804365255116
1015,2022-08-22,402.31,311.2033012027513,1,0,0,8300.430565732602,91.10669879724873
1016,2022-08-22,2151.5,1465.2204064400682,0,1,0,470979.6805367851,686.2795935599318
1017,2022-08-22,696.44,744.8223172225576,0,0,1,2340.8486198241844,48.382317222557504
1018,2022-08-23,365.56,306.6431620903899,1,0,0,3471.1937892672677,58.91683790961008
1019,2022-08-23,2106.13,1432.755087469986,0,1,0,453433.77282480424,673.3749125300142
1020,2022-08-23,739.37,756.5212254327303,0,0,1,294.1645338443332,17.151225432730257
1021,2022-08-24,376.63,357.3852166257878,1,0,0,370.3616871203545,19.244783374212204
1022,2022-08-24,2082.43,1429.5355780494876,0,1,0,426271.12621409347,652.8944219505122
1023,2022-08-24,665.25,665.4777593369723,0,0,1,0.05187431557807368,0.2277593369723263
1024,2022-08-25,343.44,310.6621126849687,1,0,0,1074.3898968368903,32.77788731503131
1025,2022-08-25,1844.25,1335.6585883013647,0,1,0,258665.22405361073,508.5914116986353
1026,2022-08-26,408.94,323.29185986756374,1,0,0,7335.603908145437,85.64814013243625
1027,2022-08-26,1899.3,1314.684824574614,0,1,0,341774.9033376549,584.615175425386
1028,2022-08-27,377.48,322.1543236723115,1,0,0,3060.930461116156,55.32567632768854
1029,2022-08-27,1307.05,1314.6595830420465,0,1,0,57.905754073802456,7.609583042046552
1030,2022-08-27,534.1800000000001,674.9938632931971,0,0,1,19828.544095555193,140.81386329319707
1031,2022-08-28,1303.73,1314.2432399162763,0,1,0,110.52821353718392,10.513239916276234
1032,2022-08-28,527.51,680.3459800452999,0,0,1,23358.836796407322,152.83598004529995
1033,2022-08-29,365.12,334.6742824739357,1,0,0,926.9417156768989,30.4457175260643
1034,2022-08-29,1824.6499999999999,1208.0901494312852,0,1,0,380146.04933331575,616.5598505687146
1035,2022-08-29,695.83,696.6771517601193,0,0,1,0.7176661046731124,0.8471517601192318
1036,2022-08-30,387.72,333.50338821906934,1,0,0,2939.4409930041525,54.21661178093069
1037,2022-08-30,1811.04,1140.986922730138,0,1,0,448971.1263588115,670.0530772698619
1038,2022-08-30,655.8,694.6811527086654,0,0,1,1511.744035954564,38.88115270866547
1039,2022-08-31,355.06,326.885063421466,1,0,0,793.827051204414,28.174936578534016
1040,2022-08-31,1511.61,1143.162922974998,0,1,0,135753.24856826762,368.4470770250018
1041,2022-08-31,621.56,697.1970630561996,0,0,1,5720.9653077675175,75.63706305619962
